,competition_name,date,home_team,away_team,home_score,away_score,score,match_result
0,FIFA World Cup,2018-06-14,Russia,Saudi Arabia,5,0,5 - 0,1
1,FIFA World Cup,2018-06-15,Egypt,Uruguay,0,1,0 - 1,2
2,FIFA World Cup,2018-06-15,Morocco,Iran,0,1,0 - 1,2
3,FIFA World Cup,2018-06-15,Portugal,Spain,3,3,3 - 3,0
4,FIFA World Cup,2018-06-16,France,Australia,2,1,2 - 1,1
5,FIFA World Cup,2018-06-16,Argentina,Iceland,1,1,1 - 1,0
6,FIFA World Cup,2018-06-16,Peru,Denmark,0,1,0 - 1,2
7,FIFA World Cup,2018-06-16,Croatia,Nigeria,2,0,2 - 0,1
8,FIFA World Cup,2018-06-17,Costa Rica,Serbia,0,1,0 - 1,2
9,FIFA World Cup,2018-06-17,Germany,Mexico,0,1,0 - 1,2
10,FIFA World Cup,2018-06-17,Brazil,Switzerland,1,1,1 - 1,0
11,FIFA World Cup,2018-06-18,Sweden,South Korea,1,0,1 - 0,1
12,FIFA World Cup,2018-06-18,Belgium,Panama,3,0,3 - 0,1
13,FIFA World Cup,2018-06-19,Tunisia,England,1,2,1 - 2,2
14,FIFA World Cup,2018-06-19,Colombia,Japan,1,2,1 - 2,2
15,FIFA World Cup,2018-06-19,Poland,Senegal,1,2,1 - 2,2
16,FIFA World Cup,2018-06-19,Russia,Egypt,3,1,3 - 1,1
17,FIFA World Cup,2018-06-20,Portugal,Morocco,1,0,1 - 0,1
18,FIFA World Cup,2018-06-20,Uruguay,Saudi Arabia,1,0,1 - 0,1
19,FIFA World Cup,2018-06-20,Iran,Spain,0,1,0 - 1,2
20,FIFA World Cup,2018-06-21,Denmark,Australia,1,1,1 - 1,0
21,FIFA World Cup,2018-06-21,France,Peru,1,0,1 - 0,1
22,FIFA World Cup,2018-06-21,Argentina,Croatia,0,3,0 - 3,2
23,FIFA World Cup,2018-06-22,Brazil,Costa Rica,2,0,2 - 0,1
24,FIFA World Cup,2018-06-22,Nigeria,Iceland,2,0,2 - 0,1
25,FIFA World Cup,2018-06-22,Serbia,Switzerland,1,2,1 - 2,2
26,FIFA World Cup,2018-06-23,Belgium,Tunisia,5,2,5 - 2,1
27,FIFA World Cup,2018-06-23,South Korea,Mexico,1,2,1 - 2,2
28,FIFA World Cup,2018-06-23,Germany,Sweden,2,1,2 - 1,1
29,FIFA World Cup,2018-06-24,England,Panama,6,1,6 - 1,1
30,FIFA World Cup,2018-06-24,Japan,Senegal,2,2,2 - 2,0
31,FIFA World Cup,2018-06-24,Poland,Colombia,0,3,0 - 3,2
32,FIFA World Cup,2018-06-25,Saudi Arabia,Egypt,2,1,2 - 1,1
33,FIFA World Cup,2018-06-25,Uruguay,Russia,3,0,3 - 0,1
34,FIFA World Cup,2018-06-25,Iran,Portugal,1,1,1 - 1,0
35,FIFA World Cup,2018-06-25,Spain,Morocco,2,2,2 - 2,0
36,FIFA World Cup,2018-06-26,Australia,Peru,0,2,0 - 2,2
37,FIFA World Cup,2018-06-26,Denmark,France,0,0,0 - 0,0
38,FIFA World Cup,2018-06-26,Iceland,Croatia,1,2,1 - 2,2
39,FIFA World Cup,2018-06-26,Nigeria,Argentina,1,2,1 - 2,2
40,FIFA World Cup,2018-06-27,Mexico,Sweden,0,3,0 - 3,2
41,FIFA World Cup,2018-06-27,South Korea,Germany,2,0,2 - 0,1
42,FIFA World Cup,2018-06-27,Serbia,Brazil,0,2,0 - 2,2
43,FIFA World Cup,2018-06-27,Switzerland,Costa Rica,2,2,2 - 2,0
44,FIFA World Cup,2018-06-28,Japan,Poland,0,1,0 - 1,2
45,FIFA World Cup,2018-06-28,Senegal,Colombia,0,1,0 - 1,2
46,FIFA World Cup,2018-06-29,England,Belgium,0,1,0 - 1,2
47,FIFA World Cup,2018-06-29,Panama,Tunisia,1,2,1 - 2,2
48,FIFA World Cup,2018-06-30,France,Argentina,4,3,4 - 3,1
49,FIFA World Cup,2018-06-30,Uruguay,Portugal,2,1,2 - 1,1
50,FIFA World Cup,2018-07-01,Spain,Russia,1,1,1 - 1,0
51,FIFA World Cup,2018-07-01,Croatia,Denmark,1,1,1 - 1,0
52,FIFA World Cup,2018-07-02,Brazil,Mexico,2,0,2 - 0,1
53,FIFA World Cup,2018-07-02,Belgium,Japan,3,2,3 - 2,1
54,FIFA World Cup,2018-07-03,Sweden,Switzerland,1,0,1 - 0,1
55,FIFA World Cup,2018-07-06,Uruguay,France,0,2,0 - 2,2
56,FIFA World Cup,2018-07-06,Brazil,Belgium,1,2,1 - 2,2
57,FIFA World Cup,2018-07-07,Sweden,England,0,2,0 - 2,2
58,FIFA World Cup,2018-07-07,Russia,Croatia,2,2,2 - 2,0
59,FIFA World Cup,2018-07-08,Russia,Croatia *,2,2,2 - 2,0
60,FIFA World Cup,2018-07-11,France,Belgium,1,0,1 - 0,1
61,FIFA World Cup,2018-07-11,Croatia,England,2,1,2 - 1,1
62,FIFA World Cup,2018-07-14,Belgium,England,2,0,2 - 0,1
63,FIFA World Cup,2018-07-15,France,Croatia,4,2,4 - 2,1
64,Friendlies,2017-01-13,Slovenia,Finland,2,0,2 - 0,1
65,Friendlies,2017-01-14,Saudi Arabia,Cambodia,7,2,7 - 2,1
66,Friendlies,2017-01-15,Iceland,Chile,0,1,0 - 1,2
67,Friendlies,2017-01-17,Qatar,Moldova,1,1,1 - 1,0
68,Friendlies,2017-01-22,Bermuda,Canada,2,4,2 - 4,2
69,Friendlies,2017-01-23,Uzbekistan,Georgia,2,2,2 - 2,0
70,Friendlies,2017-01-25,Georgia,Jordan,0,1,0 - 1,2
71,Friendlies,2017-01-26,Brazil,Colombia,1,0,1 - 0,1
72,Friendlies,2017-01-29,USA,Serbia,0,0,0 - 0,0
73,Friendlies,2017-02-04,USA,Jamaica,1,0,1 - 0,1
74,Friendlies,2017-02-09,Mexico,Iceland,1,0,1 - 0,1
75,Friendlies,2017-02-17,Honduras,Jamaica,0,1,0 - 1,2
76,Friendlies,2017-02-22,San Marino,Andorra,0,2,0 - 2,2
77,Friendlies,2017-02-23,Ecuador,Honduras,3,1,3 - 1,1
78,Friendlies,2017-05-13,Egypt,Yemen,1,0,1 - 0,1
79,Friendlies,2017-05-28,Honduras,El Salvador,2,2,2 - 2,0
80,Friendlies,2017-05-28,Mexico,Croatia,1,2,1 - 2,2
81,Friendlies,2017-05-28,Honduras,El Salvador,2,2,2 - 2,0
82,Friendlies,2017-05-31,Morocco,Netherlands,1,2,1 - 2,2
83,Friendlies,2017-05-31,Italy,San Marino,8,0,8 - 0,1
84,Friendlies,2017-06-01,Switzerland,Belarus,1,0,1 - 0,1
85,Friendlies,2017-06-02,Mexico,Ireland,3,1,3 - 1,1
86,Friendlies,2017-06-02,France,Paraguay,5,0,5 - 0,1
87,Friendlies,2017-06-03,Chile,Burkina Faso,3,0,3 - 0,1
88,Friendlies,2017-06-03,Nicaragua,Bolivia,0,1,0 - 1,2
89,Friendlies,2017-06-03,Portugal,Cyprus,4,0,4 - 0,1
90,Friendlies,2017-06-04,USA,Venezuela,1,1,1 - 1,0
91,Friendlies,2017-06-04,Armenia,St. Kitts and Nevis,5,0,5 - 0,1
92,Friendlies,2017-06-04,Ireland,Uruguay,3,1,3 - 1,1
93,Friendlies,2017-06-04,Luxembourg,Albania,2,1,2 - 1,1
94,Friendlies,2017-06-04,Netherlands,Ivory Coast,5,0,5 - 0,1
95,Friendlies,2017-06-04,Montenegro,Iran,1,2,1 - 2,2
96,Friendlies,2017-06-05,FYR Macedonia,Turkey,0,0,0 - 0,0
97,Friendlies,2017-06-05,Hungary,Russia,0,3,0 - 3,2
98,Friendlies,2017-06-05,Belgium,Czech Republic,2,1,2 - 1,1
99,Friendlies,2017-06-06,Ukraine,Malta,0,1,0 - 1,2
100,Friendlies,2017-06-06,Israel,Moldova,1,1,1 - 1,0
101,Friendlies,2017-06-06,Denmark,Germany,1,1,1 - 1,0
102,Friendlies,2017-06-06,Algeria,Guinea,2,1,2 - 1,1
103,Friendlies,2017-06-07,China,Philippines,8,1,8 - 1,1
104,Friendlies,2017-06-07,Jordan,Hong Kong,0,0,0 - 0,0
105,Friendlies,2017-06-07,Finland,Liechtenstein,1,1,1 - 1,0
106,Friendlies,2017-06-07,Georgia,St. Kitts and Nevis,3,0,3 - 0,1
107,Friendlies,2017-06-07,Iraq,South Korea,0,0,0 - 0,0
108,Friendlies,2017-06-07,Italy,Uruguay,3,0,3 - 0,1
109,Friendlies,2017-06-07,Bolivia,Nicaragua,3,2,3 - 2,1
110,Friendlies,2017-06-07,Spain,Colombia,2,2,2 - 2,0
111,Friendlies,2017-06-08,Bolivia,Nicaragua,3,2,3 - 2,1
112,Friendlies,2017-06-08,Peru,Paraguay,1,0,1 - 0,1
113,Friendlies,2017-06-09,Ecuador,Venezuela,1,1,1 - 1,0
114,Friendlies,2017-06-09,Brazil,Argentina,0,1,0 - 1,2
115,Friendlies,2017-06-09,Russia,Chile,1,1,1 - 1,0
116,Friendlies,2017-06-12,Belarus,New Zealand,1,0,1 - 0,1
117,Friendlies,2017-06-12,Latvia,Estonia,1,2,1 - 2,2
118,Friendlies,2017-06-13,Australia,Brazil,0,4,0 - 4,2
119,Friendlies,2017-06-13,Singapore,Argentina,0,6,0 - 6,2
120,Friendlies,2017-06-13,South Africa,Zambia,1,2,1 - 2,2
121,Friendlies,2017-06-13,Norway,Sweden,1,1,1 - 1,0
122,Friendlies,2017-06-13,Romania,Chile,3,2,3 - 2,1
123,Friendlies,2017-06-13,Cameroon,Colombia,0,4,0 - 4,2
124,Friendlies,2017-06-13,France,England,3,2,3 - 2,1
125,Friendlies,2017-06-14,Canada,Curacao,2,1,2 - 1,1
126,Friendlies,2017-06-14,Ecuador,El Salvador,3,0,3 - 0,1
127,Friendlies,2017-06-14,Peru,Jamaica,3,1,3 - 1,1
128,Friendlies,2017-07-01,USA,Ghana,2,1,2 - 1,1
129,Friendlies,2017-07-02,Mexico,Paraguay,2,1,2 - 1,1
130,Friendlies,2017-07-02,South Africa,Tanzania,0,1,0 - 1,2
131,Friendlies,2017-07-04,Botswana,South Africa,0,2,0 - 2,2
132,Friendlies,2017-07-07,Namibia,South Africa,0,1,0 - 1,2
133,Friendlies,2017-07-27,Ecuador,Trinidad and Tobago,3,1,3 - 1,1
134,Friendlies,2017-08-16,Andorra,Qatar,0,1,0 - 1,2
135,Friendlies,2017-08-31,Kenya,Mauritania,1,1,1 - 1,0
136,Friendlies,2017-09-02,Mozambique,Kenya,1,1,1 - 1,0
137,Friendlies,2017-09-03,Canada,Jamaica,2,0,2 - 0,1
138,Friendlies,2017-10-05,Iran,Togo,2,0,2 - 0,1
139,Friendlies,2017-10-05,Iraq,Kenya,2,1,2 - 1,1
140,Friendlies,2017-10-06,Japan,New Zealand,2,1,2 - 1,1
141,Friendlies,2017-10-07,Russia,South Korea,4,2,4 - 2,1
142,Friendlies,2017-10-07,Saudi Arabia,Jamaica,5,2,5 - 2,1
143,Friendlies,2017-10-08,Thailand,Kenya,1,0,1 - 0,1
144,Friendlies,2017-10-08,Canada,El Salvador,0,1,0 - 1,2
145,Friendlies,2017-10-10,Japan,Haiti,3,3,3 - 3,0
146,Friendlies,2017-10-10,Morocco,South Korea,3,1,3 - 1,1
147,Friendlies,2017-10-10,Russia,Iran,1,1,1 - 1,0
148,Friendlies,2017-10-10,Saudi Arabia,Ghana,0,3,0 - 3,2
149,Friendlies,2017-11-07,Saudi Arabia,Latvia,2,0,2 - 0,1
150,Friendlies,2017-11-08,Iceland,Czech Republic,1,2,1 - 2,2
151,Friendlies,2017-11-09,Armenia,Belarus,4,1,4 - 1,1
152,Friendlies,2017-11-09,Finland,Estonia,3,0,3 - 0,1
153,Friendlies,2017-11-09,Romania,Turkey,2,0,2 - 0,1
154,Friendlies,2017-11-09,Panama,Iran,1,2,1 - 2,2
155,Friendlies,2017-11-09,Luxembourg,Hungary,2,1,2 - 1,1
156,Friendlies,2017-11-09,Scotland,Netherlands,0,1,0 - 1,2
157,Friendlies,2017-11-10,South Korea,Colombia,2,1,2 - 1,1
158,Friendlies,2017-11-10,China,Serbia,0,2,0 - 2,2
159,Friendlies,2017-11-10,Japan,Brazil,1,3,1 - 3,2
160,Friendlies,2017-11-10,Georgia,Cyprus,1,0,1 - 0,1
161,Friendlies,2017-11-10,Ukraine,Slovakia,2,1,2 - 1,1
162,Friendlies,2017-11-10,Belgium,Mexico,3,3,3 - 3,0
163,Friendlies,2017-11-10,Poland,Uruguay,0,0,0 - 0,0
164,Friendlies,2017-11-10,England,Germany,0,0,0 - 0,0
165,Friendlies,2017-11-10,France,Wales,2,0,2 - 0,1
166,Friendlies,2017-11-10,Portugal,Saudi Arabia,3,0,3 - 0,1
167,Friendlies,2017-11-11,Russia,Argentina,0,1,0 - 1,2
168,Friendlies,2017-11-11,Qatar,Czech Republic,0,1,0 - 1,2
169,Friendlies,2017-11-11,FYR Macedonia,Norway,2,0,2 - 0,1
170,Friendlies,2017-11-11,Spain,Costa Rica,5,0,5 - 0,1
171,Friendlies,2017-11-12,Malta,Estonia,0,3,0 - 3,2
172,Friendlies,2017-11-13,Armenia,Cyprus,3,2,3 - 2,1
173,Friendlies,2017-11-13,Georgia,Belarus,2,2,2 - 2,0
174,Friendlies,2017-11-13,Venezuela,Iran,0,1,0 - 1,2
175,Friendlies,2017-11-13,Bulgaria,Saudi Arabia,1,0,1 - 0,1
176,Friendlies,2017-11-13,Turkey,Albania,2,3,2 - 3,2
177,Friendlies,2017-11-13,Kosovo,Latvia,4,3,4 - 3,1
178,Friendlies,2017-11-14,South Korea,Serbia,1,1,1 - 1,0
179,Friendlies,2017-11-14,China,Colombia,0,4,0 - 4,2
180,Friendlies,2017-11-14,Argentina,Nigeria,2,4,2 - 4,2
181,Friendlies,2017-11-14,Qatar,Iceland,1,1,1 - 1,0
182,Friendlies,2017-11-14,Slovakia,Norway,1,0,1 - 0,1
183,Friendlies,2017-11-14,Russia,Spain,3,3,3 - 3,0
184,Friendlies,2017-11-14,Romania,Netherlands,0,3,0 - 3,2
185,Friendlies,2017-11-14,Hungary,Costa Rica,1,0,1 - 0,1
186,Friendlies,2017-11-14,Algeria,Central African Republic,3,0,3 - 0,1
187,Friendlies,2017-11-14,Austria,Uruguay,2,1,2 - 1,1
188,Friendlies,2017-11-14,Belgium,Japan,1,0,1 - 0,1
189,Friendlies,2017-11-14,Germany,France,2,2,2 - 2,0
190,Friendlies,2017-11-14,Wales,Panama,1,1,1 - 1,0
191,Friendlies,2017-11-14,England,Brazil,0,0,0 - 0,0
192,Friendlies,2017-11-15,Portugal,USA,1,1,1 - 1,0
193,Friendlies,2017-11-19,Fiji,Estonia,0,2,0 - 2,2
194,Friendlies,2017-11-23,Vanuatu,Estonia,0,1,0 - 1,2
195,Friendlies,2017-11-26,New Caledonia,Estonia,1,1,1 - 1,0
196,Friendlies,2017-12-14,Qatar,Liechtenstein,1,2,1 - 2,2
197,Friendlies,2018-01-07,Sweden,Estonia,1,1,1 - 1,0
198,Friendlies,2018-01-11,Indonesia,Iceland,0,6,0 - 6,2
199,Friendlies,2018-01-11,Jordan,Finland,1,2,1 - 2,2
200,Friendlies,2018-01-11,Sweden,Denmark,1,0,1 - 0,1
201,Friendlies,2018-01-14,Indonesia,Iceland,1,4,1 - 4,2
202,Friendlies,2018-01-15,Jordan,Denmark,3,2,3 - 2,1
203,Friendlies,2018-01-27,Moldova,South Korea,0,1,0 - 1,2
204,Friendlies,2018-01-29,USA,Bosnia and Herzegovina,0,0,0 - 0,0
205,Friendlies,2018-01-30,South Korea,Jamaica,2,2,2 - 2,0
206,Friendlies,2018-01-30,Azerbaijan,Moldova,0,0,0 - 0,0
207,Friendlies,2018-02-01,Mexico,Bosnia and Herzegovina,1,0,1 - 0,1
208,Friendlies,2018-02-03,Latvia,South Korea,0,1,0 - 1,2
209,Friendlies,2018-02-26,Saudi Arabia,Moldova,3,0,3 - 0,1
210,Friendlies,2018-02-28,Iraq,Saudi Arabia,4,1,4 - 1,1
211,Friendlies,2018-03-17,Iran,Sierra Leone,4,0,4 - 0,1
212,Friendlies,2018-03-21,South Africa,Angola,1,1,1 - 1,0
213,Friendlies,2018-03-21,Liechtenstein,Andorra,0,1,0 - 1,2
214,Friendlies,2018-03-22,Slovakia,U.A.E.,2,1,2 - 1,1
215,Friendlies,2018-03-22,China,Wales,0,6,0 - 6,2
216,Friendlies,2018-03-22,Algeria,Tanzania,4,1,4 - 1,1
217,Friendlies,2018-03-22,Faroe Islands,Latvia,1,1,1 - 1,0
218,Friendlies,2018-03-22,Malta,Luxembourg,0,1,0 - 1,2
219,Friendlies,2018-03-22,Denmark,Panama,1,0,1 - 0,1
220,Friendlies,2018-03-23,Uruguay,Czech Republic,2,0,2 - 0,1
221,Friendlies,2018-03-23,Mali,Japan,1,1,1 - 1,0
222,Friendlies,2018-03-23,Azerbaijan,Belarus,0,1,0 - 1,2
223,Friendlies,2018-03-23,Cyprus,Montenegro,0,0,0 - 0,0
224,Friendlies,2018-03-23,FYR Macedonia,Finland,0,0,0 - 0,0
225,Friendlies,2018-03-23,Russia,Brazil,0,3,0 - 3,2
226,Friendlies,2018-03-23,Bulgaria,Bosnia and Herzegovina,0,1,0 - 1,2
227,Friendlies,2018-03-23,Norway,Australia,4,1,4 - 1,1
228,Friendlies,2018-03-23,Turkey,Ireland,1,0,1 - 0,1
229,Friendlies,2018-03-23,Greece,Switzerland,0,1,0 - 1,2
230,Friendlies,2018-03-23,Hungary,Kazakhstan,2,3,2 - 3,2
231,Friendlies,2018-03-23,Tunisia,Iran,1,0,1 - 0,1
232,Friendlies,2018-03-23,Ukraine,Saudi Arabia,1,1,1 - 1,0
233,Friendlies,2018-03-23,Serbia,Morocco,1,2,1 - 2,2
234,Friendlies,2018-03-23,Austria,Slovenia,3,0,3 - 0,1
235,Friendlies,2018-03-23,Germany,Spain,1,1,1 - 1,0
236,Friendlies,2018-03-23,Italy,Argentina,0,2,0 - 2,2
237,Friendlies,2018-03-23,Netherlands,England,0,1,0 - 1,2
238,Friendlies,2018-03-23,Poland,Nigeria,0,1,0 - 1,2
239,Friendlies,2018-03-23,Portugal,Egypt,2,1,2 - 1,1
240,Friendlies,2018-03-23,Scotland,Costa Rica,0,1,0 - 1,2
241,Friendlies,2018-03-23,France,Colombia,2,3,2 - 3,2
242,Friendlies,2018-03-24,Curacao,Bolivia,1,1,1 - 1,0
243,Friendlies,2018-03-24,Peru,Croatia,2,0,2 - 0,1
244,Friendlies,2018-03-24,Mexico,Iceland,3,0,3 - 0,1
245,Friendlies,2018-03-24,Kenya,Comoros,2,2,2 - 2,0
246,Friendlies,2018-03-24,Armenia,Estonia,0,0,0 - 0,0
247,Friendlies,2018-03-24,N.Ireland,South Korea,2,1,2 - 1,1
248,Friendlies,2018-03-24,Canada,New Zealand,1,0,1 - 0,1
249,Friendlies,2018-03-24,Georgia,Lithuania,4,0,4 - 0,1
250,Friendlies,2018-03-24,Zambia,South Africa,0,2,0 - 2,2
251,Friendlies,2018-03-24,Sweden,Chile,1,2,1 - 2,2
252,Friendlies,2018-03-24,Israel,Romania,1,2,1 - 2,2
253,Friendlies,2018-03-24,Kosovo,Madagascar,1,0,1 - 0,1
254,Friendlies,2018-03-24,Togo,Ivory Coast,2,2,2 - 2,0
255,Friendlies,2018-03-24,Kenya,Comoros,2,2,2 - 2,0
256,Friendlies,2018-03-25,Sweden,Estonia,1,1,1 - 1,0
257,Friendlies,2018-03-25,Jordan,Finland,1,2,1 - 2,2
258,Friendlies,2018-03-25,Sweden,Denmark,1,0,1 - 0,1
259,Friendlies,2018-03-25,Indonesia,Iceland,1,4,1 - 4,2
260,Friendlies,2018-03-25,Jordan,Denmark,3,2,3 - 2,1
261,Friendlies,2018-03-25,Moldova,South Korea,0,1,0 - 1,2
262,Friendlies,2018-03-25,USA,Bosnia and Herzegovina,0,0,0 - 0,0
263,Friendlies,2018-03-25,South Korea,Jamaica,2,2,2 - 2,0
264,Friendlies,2018-03-25,Azerbaijan,Moldova,0,0,0 - 0,0
265,Friendlies,2018-03-25,Mexico,Bosnia and Herzegovina,1,0,1 - 0,1
266,Friendlies,2018-03-25,Latvia,South Korea,0,1,0 - 1,2
267,Friendlies,2018-03-25,Saudi Arabia,Moldova,3,0,3 - 0,1
268,Friendlies,2018-03-25,Iraq,Saudi Arabia,4,1,4 - 1,1
269,Friendlies,2018-03-25,Iran,Sierra Leone,4,0,4 - 0,1
270,Friendlies,2018-03-25,Slovakia,U.A.E.,2,1,2 - 1,1
271,Friendlies,2018-03-25,China,Wales,0,6,0 - 6,2
272,Friendlies,2018-03-25,Faroe Islands,Latvia,1,1,1 - 1,0
273,Friendlies,2018-03-25,Malta,Luxembourg,0,1,0 - 1,2
274,Friendlies,2018-03-25,Algeria,Tanzania,4,1,4 - 1,1
275,Friendlies,2018-03-25,Denmark,Panama,1,0,1 - 0,1
276,Friendlies,2018-03-25,Uruguay,Czech Republic,2,0,2 - 0,1
277,Friendlies,2018-03-25,FYR Macedonia,Finland,0,0,0 - 0,0
278,Friendlies,2018-03-25,Turkey,Ireland,1,0,1 - 0,1
279,Friendlies,2018-03-25,Ukraine,Saudi Arabia,1,1,1 - 1,0
280,Friendlies,2018-03-25,Italy,Argentina,0,2,0 - 2,2
281,Friendlies,2018-03-25,Scotland,Costa Rica,0,1,0 - 1,2
282,Friendlies,2018-03-25,Curacao,Bolivia,1,1,1 - 1,0
283,Friendlies,2018-03-25,Peru,Croatia,2,0,2 - 0,1
284,Friendlies,2018-03-25,Mexico,Iceland,3,0,3 - 0,1
285,Friendlies,2018-03-25,Armenia,Estonia,0,0,0 - 0,0
286,Friendlies,2018-03-25,N.Ireland,South Korea,2,1,2 - 1,1
287,Friendlies,2018-03-25,Canada,New Zealand,1,0,1 - 0,1
288,Friendlies,2018-03-25,Georgia,Lithuania,4,0,4 - 0,1
289,Friendlies,2018-03-25,Zambia,South Africa,0,2,0 - 2,2
290,Friendlies,2018-03-25,Kenya,Comoros,2,2,2 - 2,0
291,Friendlies,2018-03-25,Sweden,Chile,1,2,1 - 2,2
292,Friendlies,2018-03-25,Israel,Romania,1,2,1 - 2,2
293,Friendlies,2018-03-25,Togo,Ivory Coast,2,2,2 - 2,0
294,Friendlies,2018-03-25,Kosovo,Madagascar,1,0,1 - 0,1
295,Friendlies,2018-03-25,Thailand,Slovakia,2,3,2 - 3,2
296,Friendlies,2018-03-25,Gibraltar,Latvia,1,0,1 - 0,1
297,Friendlies,2018-03-25,Kuwait,Cameroon,1,3,1 - 3,2
298,Friendlies,2018-03-25,Faroe Islands,Liechtenstein,3,0,3 - 0,1
299,Friendlies,2018-03-26,China,Czech Republic,1,4,1 - 4,2
300,Friendlies,2018-03-26,Wales,Uruguay,0,1,0 - 1,2
301,Friendlies,2018-03-26,Bulgaria,Kazakhstan,2,1,2 - 1,1
302,Friendlies,2018-03-26,Finland,Malta,5,0,5 - 0,1
303,Friendlies,2018-03-26,Albania,Norway,0,1,0 - 1,2
304,Friendlies,2018-03-26,Portugal,Netherlands,0,3,0 - 3,2
305,Friendlies,2018-03-27,Curacao,Bolivia,1,0,1 - 0,1
306,Friendlies,2018-03-27,Ukraine,Japan,2,1,2 - 1,1
307,Friendlies,2018-03-27,Armenia,Lithuania,0,1,0 - 1,2
308,Friendlies,2018-03-27,Georgia,Estonia,2,0,2 - 0,1
309,Friendlies,2018-03-27,Russia,France,1,3,1 - 3,2
310,Friendlies,2018-03-27,FYR Macedonia,Azerbaijan,1,1,1 - 1,0
311,Friendlies,2018-03-27,Iran,Algeria,2,1,2 - 1,1
312,Friendlies,2018-03-27,Kosovo,Burkina Faso,2,0,2 - 0,1
313,Friendlies,2018-03-27,Kenya,Central African Republic,2,3,2 - 3,2
314,Friendlies,2018-03-27,Switzerland,Panama,6,0,6 - 0,1
315,Friendlies,2018-03-27,Montenegro,Turkey,2,2,2 - 2,0
316,Friendlies,2018-03-27,Bosnia and Herzegovina,Senegal,0,0,0 - 0,0
317,Friendlies,2018-03-27,Denmark,Chile,0,0,0 - 0,0
318,Friendlies,2018-03-27,Egypt,Greece,0,1,0 - 1,2
319,Friendlies,2018-03-27,Hungary,Scotland,0,1,0 - 1,2
320,Friendlies,2018-03-27,Ivory Coast,Moldova,2,1,2 - 1,1
321,Friendlies,2018-03-27,Tunisia,Costa Rica,1,0,1 - 0,1
322,Friendlies,2018-03-27,Slovenia,Belarus,0,2,0 - 2,2
323,Friendlies,2018-03-27,Luxembourg,Austria,0,4,0 - 4,2
324,Friendlies,2018-03-27,Romania,Sweden,1,0,1 - 0,1
325,Friendlies,2018-03-27,Belgium,Saudi Arabia,4,0,4 - 0,1
326,Friendlies,2018-03-27,Germany,Brazil,0,1,0 - 1,2
327,Friendlies,2018-03-27,Poland,South Korea,3,2,3 - 2,1
328,Friendlies,2018-03-27,Australia,Colombia,0,0,0 - 0,0
329,Friendlies,2018-03-27,England,Italy,1,1,1 - 1,0
330,Friendlies,2018-03-27,Morocco,Uzbekistan,2,0,2 - 0,1
331,Friendlies,2018-03-27,Nigeria,Serbia,0,2,0 - 2,2
332,Friendlies,2018-03-27,Spain,Argentina,6,1,6 - 1,1
333,Friendlies,2018-03-28,USA,Paraguay,1,0,1 - 0,1
334,Friendlies,2018-03-28,Peru,Iceland,3,1,3 - 1,1
335,Friendlies,2018-03-28,Mexico,Croatia,0,1,0 - 1,2
336,Friendlies,2018-05-15,Saudi Arabia,Greece,2,0,2 - 0,1
337,Friendlies,2018-05-19,Iran,Uzbekistan,1,0,1 - 0,1
338,Friendlies,2018-05-20,Jordan,Cyprus,3,0,3 - 0,1
339,Friendlies,2018-05-25,Kenya,Swaziland,0,1,0 - 1,2
340,Friendlies,2018-05-25,Kuwait,Egypt,1,1,1 - 1,0
341,Friendlies,2018-05-26,China,Myanmar,1,0,1 - 0,1
342,Friendlies,2018-05-27,Cameroon,Burkina Faso,0,1,0 - 1,2
343,Friendlies,2018-05-28,South Korea,Honduras,2,0,2 - 0,1
344,Friendlies,2018-05-28,Kenya,Equatorial Guinea,1,0,1 - 0,1
345,Friendlies,2018-05-28,Bosnia and Herzegovina,Montenegro,0,0,0 - 0,0
346,Friendlies,2018-05-28,Turkey,Iran,2,1,2 - 1,1
347,Friendlies,2018-05-28,Italy,Saudi Arabia,2,1,2 - 1,1
348,Friendlies,2018-05-28,Portugal,Tunisia,2,2,2 - 2,0
349,Friendlies,2018-05-28,France,Ireland,2,0,2 - 0,1
350,Friendlies,2018-05-29,USA,Bolivia,3,0,3 - 0,1
351,Friendlies,2018-05-29,Mexico,Wales,0,0,0 - 0,0
352,Friendlies,2018-05-29,Azerbaijan,Kyrgyzstan,3,0,3 - 0,1
353,Friendlies,2018-05-29,Malta,Armenia,1,1,1 - 1,0
354,Friendlies,2018-05-29,Kosovo,Albania,3,0,3 - 0,1
355,Friendlies,2018-05-30,Argentina,Haiti,4,0,4 - 0,1
356,Friendlies,2018-05-30,Panama,N.Ireland,0,0,0 - 0,0
357,Friendlies,2018-05-30,Peru,Scotland,2,0,2 - 0,1
358,Friendlies,2018-05-30,Japan,Ghana,0,2,0 - 2,2
359,Friendlies,2018-05-30,Estonia,Lithuania,2,0,2 - 0,1
360,Friendlies,2018-05-30,Austria,Russia,1,0,1 - 0,1
361,Friendlies,2018-05-31,Romania,Chile,3,2,3 - 2,1
362,Friendlies,2018-05-31,Luxembourg,Senegal,0,0,0 - 0,0
363,Friendlies,2018-05-31,Morocco,Ukraine,0,0,0 - 0,0
364,Friendlies,2018-05-31,Slovakia,Netherlands,1,1,1 - 1,0
365,Friendlies,2018-06-01,Australia,Czech Republic,4,0,4 - 0,1
366,Friendlies,2018-06-01,South Korea,Bosnia and Herzegovina,1,3,1 - 3,2
367,Friendlies,2018-06-01,Malta,Georgia,0,1,0 - 1,2
368,Friendlies,2018-06-01,Tunisia,Turkey,2,2,2 - 2,0
369,Friendlies,2018-06-01,France,Italy,3,1,3 - 1,1
370,Friendlies,2018-06-01,Egypt,Colombia,0,0,0 - 0,0
371,Friendlies,2018-06-02,Algeria,Cape Verde,2,3,2 - 3,2
372,Friendlies,2018-06-02,Thailand,China,0,2,0 - 2,2
373,Friendlies,2018-06-02,Kenya,New Zealand,2,1,2 - 1,1
374,Friendlies,2018-06-02,Austria,Germany,2,1,2 - 1,1
375,Friendlies,2018-06-02,England,Nigeria,2,1,2 - 1,1
376,Friendlies,2018-06-02,Sweden,Denmark,0,0,0 - 0,0
377,Friendlies,2018-06-02,Montenegro,Slovenia,0,2,0 - 2,2
378,Friendlies,2018-06-02,Belgium,Portugal,0,0,0 - 0,0
379,Friendlies,2018-06-02,Ireland,USA,2,1,2 - 1,1
380,Friendlies,2018-06-02,Iceland,Norway,2,3,2 - 3,2
381,Friendlies,2018-06-03,Honduras,El Salvador,0,1,0 - 1,2
382,Friendlies,2018-06-03,Mexico,Scotland,1,0,1 - 0,1
383,Friendlies,2018-06-03,South Africa,Madagascar,0,0,0 - 0,0
384,Friendlies,2018-06-03,Albania,Ukraine,1,4,1 - 4,2
385,Friendlies,2018-06-03,Brazil,Croatia,2,0,2 - 0,1
386,Friendlies,2018-06-03,Andorra,Cape Verde,0,0,0 - 0,0
387,Friendlies,2018-06-03,Costa Rica,N.Ireland,3,0,3 - 0,1
388,Friendlies,2018-06-03,Peru,Saudi Arabia,3,0,3 - 0,1
389,Friendlies,2018-06-03,Spain,Switzerland,1,1,1 - 1,0
390,Friendlies,2018-06-04,India,Kenya,3,0,3 - 0,1
391,Friendlies,2018-06-04,Armenia,Moldova,0,0,0 - 0,0
392,Friendlies,2018-06-04,Morocco,Slovakia,2,1,2 - 1,1
393,Friendlies,2018-06-04,Serbia,Chile,0,1,0 - 1,2
394,Friendlies,2018-06-04,Italy,Netherlands,1,1,1 - 1,0
395,Friendlies,2018-06-05,Kazakhstan,Azerbaijan,3,0,3 - 0,1
396,Friendlies,2018-06-05,Russia,Turkey,1,1,1 - 1,0
397,Friendlies,2018-06-05,Romania,Finland,2,0,2 - 0,1
398,Friendlies,2018-06-05,Luxembourg,Georgia,1,0,1 - 0,1
399,Friendlies,2018-06-06,Czech Republic,Nigeria,1,0,1 - 0,1
400,Friendlies,2018-06-06,Belarus,Hungary,1,1,1 - 1,0
401,Friendlies,2018-06-06,Norway,Panama,1,0,1 - 0,1
402,Friendlies,2018-06-06,Belgium,Egypt,3,0,3 - 0,1
403,Friendlies,2018-06-07,South Korea,Bolivia,0,0,0 - 0,0
404,Friendlies,2018-06-07,England,Costa Rica,2,0,2 - 0,1
405,Friendlies,2018-06-07,Portugal,Algeria,3,0,3 - 0,1
406,Friendlies,2018-06-07,Iceland,Ghana,2,2,2 - 2,0
407,Friendlies,2018-06-08,Uruguay,Uzbekistan,3,0,3 - 0,1
408,Friendlies,2018-06-08,Lithuania,Iran,0,1,0 - 1,2
409,Friendlies,2018-06-08,Croatia,Senegal,2,1,2 - 1,1
410,Friendlies,2018-06-08,Switzerland,Japan,2,0,2 - 0,1
411,Friendlies,2018-06-08,Germany,Saudi Arabia,2,1,2 - 1,1
412,Friendlies,2018-06-08,Poland,Chile,2,2,2 - 2,0
413,Friendlies,2018-06-09,Latvia,Azerbaijan,1,3,1 - 3,2
414,Friendlies,2018-06-09,Hungary,Australia,1,2,1 - 2,2
415,Friendlies,2018-06-09,Estonia,Morocco,1,3,1 - 3,2
416,Friendlies,2018-06-09,Finland,Belarus,2,0,2 - 0,1
417,Friendlies,2018-06-09,Serbia,Bolivia,5,1,5 - 1,1
418,Friendlies,2018-06-09,Sweden,Peru,0,0,0 - 0,0
419,Friendlies,2018-06-09,Denmark,Mexico,2,0,2 - 0,1
420,Friendlies,2018-06-09,Tunisia,Spain,0,1,0 - 1,2
421,Friendlies,2018-06-09,France,USA,1,1,1 - 1,0
422,Friendlies,2018-06-10,Austria,Brazil,0,3,0 - 3,2
423,Friendlies,2018-06-11,South Korea,Senegal,0,2,0 - 2,2
424,Friendlies,2018-06-11,Belgium,Costa Rica,4,1,4 - 1,1
425,Friendlies,2018-06-12,Paraguay,Japan,2,4,2 - 4,2
426,Friendlies,2018-06-12,Poland,Lithuania,4,0,4 - 0,1
427,Friendlies,2018-07-08,Sri Lanka,Lithuania,0,0,0 - 0,0
428,Friendlies,2018-07-11,Sri Lanka,Lithuania,0,2,0 - 2,2
429,Friendlies,2018-08-16,Guatemala,Cuba,3,0,3 - 0,1
430,Friendlies,2018-08-18,Andorra,U.A.E.,0,0,0 - 0,0
431,Friendlies,2018-08-19,Guatemala,Cuba,1,0,1 - 0,1
432,Friendlies,2018-09-05,Slovakia,Denmark,3,0,3 - 0,1
433,Friendlies,2018-09-06,Austria,Sweden,2,0,2 - 0,1
434,Friendlies,2018-09-06,Netherlands,Peru,2,1,2 - 1,1
435,Friendlies,2018-09-06,Portugal,Croatia,1,1,1 - 1,0
436,Friendlies,2018-09-07,South Korea,Costa Rica,2,0,2 - 0,1
437,Friendlies,2018-09-07,Qatar,China,1,0,1 - 0,1
438,Friendlies,2018-09-07,Scotland,Belgium,0,4,0 - 4,2
439,Friendlies,2018-10-10,Albania,Jordan,0,0,0 - 0,0
440,Friendlies,2018-10-10,Italy,Ukraine,1,1,1 - 1,0
441,Friendlies,2018-10-11,U.A.E.,Honduras,1,1,1 - 1,0
442,Friendlies,2018-10-11,Turkey,Bosnia and Herzegovina,0,0,0 - 0,0
443,Friendlies,2018-10-11,Argentina,Iraq,4,0,4 - 0,1
444,Friendlies,2018-10-11,Wales,Spain,1,4,1 - 4,2
445,Friendlies,2018-10-11,France,Iceland,2,2,2 - 2,0
446,Friendlies,2018-10-12,USA,Colombia,2,4,2 - 4,2
447,Friendlies,2018-10-12,Mexico,Costa Rica,3,2,3 - 2,1
448,Friendlies,2018-10-12,Japan,Panama,3,0,3 - 0,1
449,Friendlies,2018-10-12,South Korea,Uruguay,2,1,2 - 1,1
450,Friendlies,2018-10-12,Qatar,Ecuador,4,3,4 - 3,1
451,Friendlies,2018-10-12,Saudi Arabia,Brazil,0,2,0 - 2,2
452,Friendlies,2018-10-13,Peru,Chile,3,0,3 - 0,1
453,Friendlies,2018-10-13,China,India,0,0,0 - 0,0
454,Friendlies,2018-10-13,Myanmar,Bolivia,0,3,0 - 3,2
455,Friendlies,2018-10-14,Scotland,Portugal,1,3,1 - 3,2
456,Friendlies,2018-10-15,Kuwait,Australia,0,4,0 - 4,2
457,Friendlies,2018-10-15,Saudi Arabia,Iraq,1,1,1 - 1,0
458,Friendlies,2018-10-15,Croatia,Jordan,2,1,2 - 1,1
459,Friendlies,2018-10-16,Japan,Uruguay,4,3,4 - 3,1
460,Friendlies,2018-10-16,South Korea,Panama,2,2,2 - 2,0
461,Friendlies,2018-10-16,China,Syria,2,0,2 - 0,1
462,Friendlies,2018-10-16,U.A.E.,Venezuela,0,2,0 - 2,2
463,Friendlies,2018-10-16,Oman,Ecuador,0,0,0 - 0,0
464,Friendlies,2018-10-16,Iran,Bolivia,2,1,2 - 1,1
465,Friendlies,2018-10-16,Brazil,Argentina,1,0,1 - 0,1
466,Friendlies,2018-10-16,Belgium,Netherlands,1,1,1 - 1,0
467,Friendlies,2018-10-16,Denmark,Austria,2,0,2 - 0,1
468,Friendlies,2018-10-16,Sweden,Slovakia,1,1,1 - 1,0
469,Friendlies,2018-10-17,USA,Peru,1,1,1 - 1,0
470,Friendlies,2018-10-17,Colombia,Costa Rica,3,1,3 - 1,1
471,Friendlies,2018-10-17,Mexico,Chile,0,1,0 - 1,2
472,Friendlies,2018-11-14,Switzerland,Qatar,0,1,0 - 1,2
473,Friendlies,2018-11-15,Iran,Trinidad and Tobago,1,0,1 - 0,1
474,Friendlies,2018-11-15,Poland,Czech Republic,0,1,0 - 1,2
475,Friendlies,2018-11-15,Israel,Guatemala,7,0,7 - 0,1
476,Friendlies,2018-11-15,Germany,Russia,3,0,3 - 0,1
477,Friendlies,2018-11-15,Ireland,N.Ireland,0,0,0 - 0,0
478,Friendlies,2018-11-15,England,USA,3,0,3 - 0,1
479,Friendlies,2018-11-16,Peru,Ecuador,0,2,0 - 2,2
480,Friendlies,2018-11-16,Japan,Venezuela,1,1,1 - 1,0
481,Friendlies,2018-11-16,U.A.E.,Bolivia,0,0,0 - 0,0
482,Friendlies,2018-11-16,Saudi Arabia,Yemen,1,0,1 - 0,1
483,Friendlies,2018-11-16,Uruguay,Brazil,0,1,0 - 1,2
484,Friendlies,2018-11-16,Argentina,Mexico,2,0,2 - 0,1
485,Friendlies,2018-11-17,Chile,Costa Rica,2,3,2 - 3,2
486,Friendlies,2018-11-17,Honduras,Panama,1,0,1 - 0,1
487,Friendlies,2018-11-17,Australia,South Korea,1,1,1 - 1,0
488,Friendlies,2018-11-18,Spain,Bosnia and Herzegovina,1,0,1 - 0,1
489,Friendlies,2018-11-19,Iceland,Qatar,2,2,2 - 2,0
490,Friendlies,2018-11-20,Australia,Lebanon,3,0,3 - 0,1
491,Friendlies,2018-11-20,South Korea,Uzbekistan,4,0,4 - 0,1
492,Friendlies,2018-11-20,Japan,Kyrgyzstan,4,0,4 - 0,1
493,Friendlies,2018-11-20,China,Palestine,1,1,1 - 1,0
494,Friendlies,2018-11-20,U.A.E.,Yemen,2,0,2 - 0,1
495,Friendlies,2018-11-20,Iran,Venezuela,1,1,1 - 1,0
496,Friendlies,2018-11-20,Iraq,Bolivia,0,0,0 - 0,0
497,Friendlies,2018-11-20,Jordan,Saudi Arabia,1,1,1 - 1,0
498,Friendlies,2018-11-20,South Africa,Paraguay,1,1,1 - 1,0
499,Friendlies,2018-11-20,Tunisia,Morocco,0,1,0 - 1,2
500,Friendlies,2018-11-20,Turkey,Ukraine,0,0,0 - 0,0
501,Friendlies,2018-11-20,Albania,Wales,1,0,1 - 0,1
502,Friendlies,2018-11-20,Brazil,Cameroon,1,0,1 - 0,1
503,Friendlies,2018-11-20,Italy,USA,1,0,1 - 0,1
504,Friendlies,2018-11-20,France,Uruguay,1,0,1 - 0,1
505,Friendlies,2018-11-20,Argentina,Mexico,2,0,2 - 0,1
506,Friendlies,2018-11-21,Chile,Honduras,4,1,4 - 1,1
507,Friendlies,2018-11-21,Peru,Costa Rica,2,3,2 - 3,2
508,Friendlies,2018-11-21,Panama,Ecuador,1,2,1 - 2,2
509,Friendlies,2018-12-27,Qatar,Algeria,0,1,0 - 1,2
510,Friendlies,2018-12-28,Jordan,China,1,1,1 - 1,0
511,Friendlies,2018-12-28,U.A.E.,Kuwait,0,2,0 - 2,2
512,Friendlies,2018-12-30,Oman,Australia,0,5,0 - 5,2
513,Friendlies,2018-12-31,Saudi Arabia,South Korea,0,0,0 - 0,0
514,Friendlies,2018-12-31,Qatar,Iran,1,2,1 - 2,2
515,Friendlies,2019-01-08,Sweden,Finland,0,1,0 - 1,2
516,Friendlies,2019-01-11,Finland,Estonia,1,2,1 - 2,2
517,Friendlies,2019-01-11,Sweden,Iceland,2,2,2 - 2,0
518,Friendlies,2019-01-15,Estonia,Iceland,0,0,0 - 0,0
519,Friendlies,2019-01-28,USA,Panama,3,0,3 - 0,1
520,Friendlies,2019-02-02,USA,Costa Rica,2,0,2 - 0,1
521,Friendlies,2019-02-21,Kazakhstan,Moldova,1,0,1 - 0,1
522,Friendlies,2019-03-03,Bolivia,Nicaragua,2,2,2 - 2,0
523,Friendlies,2019-03-07,El Salvador,Guatemala,3,1,3 - 1,1
524,Friendlies,2019-03-20,Oman,Afghanistan,5,0,5 - 0,1
525,Friendlies,2019-03-20,Malaysia,Singapore,0,1,0 - 1,2
526,Friendlies,2019-03-20,Iraq,Syria,1,0,1 - 0,1
527,Friendlies,2019-03-20,Germany,Serbia,1,1,1 - 1,0
528,Friendlies,2019-03-20,Wales,Trinidad and Tobago,1,0,1 - 0,1
529,Friendlies,2019-03-21,China,Thailand,0,1,0 - 1,2
530,Friendlies,2019-03-21,UAE,Saudi Arabia,2,1,2 - 1,1
531,Friendlies,2019-03-21,Kuwait,Nepal,0,0,0 - 0,0
532,Friendlies,2019-03-21,Kosovo,Denmark,2,2,2 - 2,0
533,Friendlies,2019-03-21,USA,Ecuador,1,0,1 - 0,1
534,Friendlies,2019-03-22,Japan,Colombia,0,1,0 - 1,2
535,Friendlies,2019-03-22,New Caledonia,Mauritius,1,3,1 - 3,2
536,Friendlies,2019-03-22,South Korea,Bolivia,1,0,1 - 0,1
537,Friendlies,2019-03-22,Uruguay,Uzbekistan,3,0,3 - 0,1
538,Friendlies,2019-03-22,Argentina,Venezuela,1,3,1 - 3,2
539,Friendlies,2019-03-22,Peru,Paraguay,1,0,1 - 0,1
540,Friendlies,2019-03-23,Guatemala,Costa Rica,1,0,1 - 0,1
541,Friendlies,2019-03-23,Mexico,Chile,3,1,3 - 1,1
542,Friendlies,2019-03-23,Afghanistan,Malaysia,1,2,1 - 2,2
543,Friendlies,2019-03-23,Oman,Singapore,1,1,1 - 1,0
544,Friendlies,2019-03-23,Brazil,Panama,1,1,1 - 1,0
545,Friendlies,2019-03-24,Fiji,Mauritius,1,0,1 - 0,1
546,Friendlies,2019-03-24,Chinese Taipei,Solomon Islands,0,1,0 - 1,2
547,Friendlies,2019-03-24,Jordan,Syria,0,1,0 - 1,2
548,Friendlies,2019-03-25,China,Uzbekistan,0,1,0 - 1,2
549,Friendlies,2019-03-25,Myanmar,Indonesia,0,2,0 - 2,2
550,Friendlies,2019-03-25,Uruguay,Thailand,4,0,4 - 0,1
551,Friendlies,2019-03-25,Azerbaijan,Lithuania,0,0,0 - 0,0
552,Friendlies,2019-03-25,Saudi Arabia,Equatorial Guinea,3,2,3 - 2,1
553,Friendlies,2019-03-25,Kuwait,Nepal,1,0,1 - 0,1
554,Friendlies,2019-03-26,Japan,Bolivia,1,0,1 - 0,1
555,Friendlies,2019-03-26,South Korea,Colombia,2,1,2 - 1,1
556,Friendlies,2019-03-26,UAE,Syria,0,0,0 - 0,0
557,Friendlies,2019-03-26,Iraq,Jordan,3,2,3 - 2,1
558,Friendlies,2019-03-26,Ivory Coast,Liberia,1,0,1 - 0,1
559,Friendlies,2019-03-26,Nigeria,Egypt,1,0,1 - 0,1
560,Friendlies,2019-03-26,Senegal,Mali,2,1,2 - 1,1
561,Friendlies,2019-03-26,Morocco,Argentina,0,1,0 - 1,2
562,Friendlies,2019-03-26,Algeria,Tunisia,1,0,1 - 0,1
563,Friendlies,2019-03-26,Czech Republic,Brazil,1,3,1 - 3,2
564,Friendlies,2019-03-26,Gibraltar,Estonia,0,1,0 - 1,2
565,Friendlies,2019-03-26,USA,Chile,1,1,1 - 1,0
566,Friendlies,2019-03-26,Honduras,Ecuador,0,0,0 - 0,0
567,Friendlies,2019-03-26,Peru,El Salvador,0,2,0 - 2,2
568,Friendlies,2019-03-27,Costa Rica,Jamaica,1,0,1 - 0,1
569,Friendlies,2019-03-27,Paraguay,Mexico,2,4,2 - 4,2
570,Friendlies,2019-05-30,Turkey,Greece,2,0,2 - 0,1
571,Friendlies,2019-06-02,Venezuela,Ecuador,1,1,1 - 1,0
572,Friendlies,2019-06-02,Malaysia,Nepal,2,0,2 - 0,1
573,Friendlies,2019-06-02,Luxembourg,Madagascar,3,3,3 - 3,0
574,Friendlies,2019-06-02,Turkey,Uzbekistan,2,0,2 - 0,1
575,Friendlies,2019-06-02,France,Bolivia,2,0,2 - 0,1
576,Friendlies,2019-06-03,Colombia,Panama,3,0,3 - 0,1
577,Friendlies,2019-06-05,Curacao,India,3,1,3 - 1,1
578,Friendlies,2019-06-05,Japan,Trinidad and Tobago,0,0,0 - 0,0
579,Friendlies,2019-06-05,Thailand,Vietnam,0,1,0 - 1,2
580,Friendlies,2019-06-05,Paraguay,Honduras,1,1,1 - 1,0
581,Friendlies,2019-06-05,USA,Jamaica,0,1,0 - 1,2
582,Friendlies,2019-06-06,Brazil,Qatar,2,0,2 - 0,1
583,Friendlies,2019-06-06,Mexico,Venezuela,3,1,3 - 1,1
584,Friendlies,2019-06-06,Peru,Costa Rica,1,0,1 - 0,1
585,Friendlies,2019-06-06,Chinese Taipei,Nepal,1,1,1 - 1,0
586,Friendlies,2019-06-06,Iran,Syria,5,0,5 - 0,1
587,Friendlies,2019-06-06,Bermuda,Guyana,1,0,1 - 0,1
588,Friendlies,2019-06-06,Chile,Haiti,2,1,2 - 1,1
589,Friendlies,2019-06-07,South Korea,Australia,1,0,1 - 0,1
590,Friendlies,2019-06-07,China,Philippines,2,0,2 - 0,1
591,Friendlies,2019-06-07,Tajikistan,Afghanistan,1,1,1 - 1,0
592,Friendlies,2019-06-07,Uzbekistan,North Korea,4,0,4 - 0,1
593,Friendlies,2019-06-07,Ivory Coast,Comoros,3,1,3 - 1,1
594,Friendlies,2019-06-07,Guinea,Gambia,0,1,0 - 1,2
595,Friendlies,2019-06-07,Kenya,Madagascar,1,0,1 - 0,1
596,Friendlies,2019-06-07,Tunisia,Iraq,2,0,2 - 0,1
597,Friendlies,2019-06-07,Slovakia,Jordan,5,1,5 - 1,1
598,Friendlies,2019-06-07,Uruguay,Panama,3,0,3 - 0,1
599,Friendlies,2019-06-08,Argentina,Nicaragua,5,1,5 - 1,1
600,Friendlies,2019-06-08,Singapore,Solomon Islands,4,3,4 - 3,1
601,Friendlies,2019-06-08,Angola,Guinea-Bissau,2,0,2 - 0,1
602,Friendlies,2019-06-08,Nigeria,Zimbabwe,0,0,0 - 0,0
603,Friendlies,2019-06-09,Japan,El Salvador,2,0,2 - 0,1
604,Friendlies,2019-06-09,Ghana,Namibia,0,1,0 - 1,2
605,Friendlies,2019-06-09,DR Congo,Burkina Faso,0,0,0 - 0,0
606,Friendlies,2019-06-09,Cameroon,Zambia,2,1,2 - 1,1
607,Friendlies,2019-06-09,Uganda,Turkmenistan,0,0,0 - 0,0
608,Friendlies,2019-06-09,USA,Venezuela,0,3,0 - 3,2
609,Friendlies,2019-06-09,Brazil,Honduras,7,0,7 - 0,1
610,Friendlies,2019-06-09,Paraguay,Guatemala,2,0,2 - 0,1
611,Friendlies,2019-06-09,Peru,Colombia,0,3,0 - 3,2
612,Friendlies,2019-06-09,Mexico,Ecuador,3,2,3 - 2,1
613,Friendlies,2019-06-10,Fiji,Vanuatu,0,0,0 - 0,0
614,Friendlies,2019-06-10,Trinidad and Tobago,Canada,0,2,0 - 2,2
615,Friendlies,2019-06-11,South Korea,Iran,1,1,1 - 1,0
616,Friendlies,2019-06-11,Singapore,Myanmar,1,2,1 - 2,2
617,Friendlies,2019-06-11,China,Tajikistan,1,0,1 - 0,1
618,Friendlies,2019-06-11,Hong Kong,Chinese Taipei,0,2,0 - 2,2
619,Friendlies,2019-06-11,Jordan,Indonesia,4,1,4 - 1,1
620,Friendlies,2019-06-11,Uzbekistan,Syria,2,0,2 - 0,1
621,Friendlies,2019-06-11,Kyrgyzstan,Palestine,2,2,2 - 2,0
622,Friendlies,2019-06-11,Guyana,Haiti,1,3,1 - 3,2
623,Friendlies,2019-06-11,Algeria,Burundi,1,1,1 - 1,0
624,Friendlies,2019-06-11,Guinea,Benin,0,1,0 - 1,2
625,Friendlies,2019-06-11,Croatia,Tunisia,1,2,1 - 2,2
626,Friendlies,2019-06-12,Morocco,Gambia,0,1,0 - 1,2
627,Friendlies,2019-06-13,Egypt,Tanzania,1,0,1 - 0,1
628,Friendlies,2019-06-14,Cameroon,Mali,1,1,1 - 1,0
629,Friendlies,2019-06-15,Indonesia,Vanuatu,6,0,6 - 0,1
630,Friendlies,2019-06-15,Uganda,Ivory Coast,1,0,1 - 0,1
631,Friendlies,2019-06-15,Ghana,South Africa,0,0,0 - 0,0
632,Friendlies,2019-06-15,Kenya,DR Congo,1,1,1 - 1,0
633,Friendlies,2019-06-16,Morocco,Zambia,2,3,2 - 3,2
634,Friendlies,2019-06-16,Nigeria,Senegal,0,1,0 - 1,2
635,Friendlies,2019-06-16,Algeria,Mali,3,2,3 - 2,1
636,Friendlies,2019-06-16,Egypt,Guinea,3,1,3 - 1,1
637,Friendlies,2019-06-16,Tanzania,Zimbabwe,1,1,1 - 1,0
638,Friendlies,2019-06-17,Tunisia,Burundi,2,1,2 - 1,1
639,Friendlies,2019-06-18,Benin,Mauritania,3,1,3 - 1,1
640,Friendlies,2019-06-19,Zambia,Ivory Coast,1,4,1 - 4,2
641,Friendlies,2019-07-07,India,Tajikistan,2,4,2 - 4,2
642,Friendlies,2019-07-08,Syria,North Korea,5,2,5 - 2,1
643,Friendlies,2019-07-10,Tajikistan,Syria,2,0,2 - 0,1
644,Friendlies,2019-07-13,India,North Korea,2,5,2 - 5,2
645,Friendlies,2019-07-15,Fiji,Tuvalu,1,1,10 - 1,0
646,Friendlies,2019-07-15,Tahiti,New Caledonia,0,3,0 - 3,2
647,Friendlies,2019-07-15,North Korea,Tajikistan,1,0,1 - 0,1
648,Friendlies,2019-07-16,India,Syria,1,1,1 - 1,0
649,Friendlies,2019-07-17,Papua New Guinea,Tonga,8,0,8 - 0,1
650,Friendlies,2019-07-17,New Caledonia,Tuvalu,1,0,11 - 0,1
651,Friendlies,2019-07-18,Tahiti,American Samoa,7,1,7 - 1,1
652,Friendlies,2019-07-18,Vanuatu,Samoa,1,0,11 - 0,1
653,Friendlies,2019-07-18,Fiji,Solomon Islands,4,4,4 - 4,0
654,Friendlies,2019-07-19,Tajikistan,North Korea,0,1,0 - 1,2
655,Friendlies,2019-08-14,Dominican Republic,Guatemala,0,0,0 - 0,0
656,Friendlies,2019-08-30,Malaysia,Jordan,0,1,0 - 1,2
657,Friendlies,2019-08-30,Dominican Republic,UAE,0,4,0 - 4,2
658,Friendlies,2019-08-31,Belize,Saint Vincent and The Grenadines,1,1,1 - 1,0
659,Friendlies,2019-08-31,UAE,Sri Lanka,5,1,5 - 1,1
660,Friendlies,2019-09-05,Japan,Paraguay,2,0,2 - 0,1
661,Friendlies,2019-09-05,Georgia,South Korea,2,2,2 - 2,0
662,Friendlies,2019-09-05,Saudi Arabia,Mali,1,1,1 - 1,0
663,Friendlies,2019-09-05,Montenegro,Hungary,2,1,2 - 1,1
664,Friendlies,2019-09-05,N.Ireland,Luxembourg,1,0,1 - 0,1
665,Friendlies,2019-09-05,Peru,Ecuador,0,1,0 - 1,2
666,Friendlies,2019-09-06,Honduras,Puerto Rico,4,0,4 - 0,1
667,Friendlies,2019-09-06,Chile,Argentina,0,0,0 - 0,0
668,Friendlies,2019-09-06,Ivory Coast,Benin,1,2,1 - 2,2
669,Friendlies,2019-09-06,Tunisia,Mauritania,1,0,1 - 0,1
670,Friendlies,2019-09-06,Morocco,Burkina Faso,1,1,1 - 1,0
671,Friendlies,2019-09-07,Brazil,Colombia,2,2,2 - 2,0
672,Friendlies,2019-09-07,USA,Mexico,0,3,0 - 3,2
673,Friendlies,2019-09-07,Costa Rica,Uruguay,1,2,1 - 2,2
674,Friendlies,2019-09-08,Kenya,Uganda,1,1,1 - 1,0
675,Friendlies,2019-09-09,Wales,Belarus,1,0,1 - 0,1
676,Friendlies,2019-09-09,Algeria,Benin,1,0,1 - 0,1
677,Friendlies,2019-09-10,Oman,Lebanon,1,0,1 - 0,1
678,Friendlies,2019-09-10,Jordan,Paraguay,2,4,2 - 4,2
679,Friendlies,2019-09-10,Tunisia,Ivory Coast,1,2,1 - 2,2
680,Friendlies,2019-09-10,Ukraine,Nigeria,2,2,2 - 2,0
681,Friendlies,2019-09-10,Ireland,Bulgaria,3,1,3 - 1,1
682,Friendlies,2019-09-10,Morocco,Niger,1,0,1 - 0,1
683,Friendlies,2019-09-10,Ecuador,Bolivia,3,0,3 - 0,1
684,Friendlies,2019-09-10,USA,Uruguay,1,1,1 - 1,0
685,Friendlies,2019-09-11,Colombia,Venezuela,0,0,0 - 0,0
686,Friendlies,2019-09-11,Honduras,Chile,2,1,2 - 1,1
687,Friendlies,2019-09-11,Argentina,Mexico,4,0,4 - 0,1
688,Friendlies,2019-09-11,Peru,Brazil,1,0,1 - 0,1
689,Friendlies,2019-09-29,Bangladesh,Bhutan,4,1,4 - 1,1
690,Friendlies,2019-09-30,Botswana,Liberia,0,0,0 - 0,0
691,Friendlies,2019-10-03,Mexico,Trinidad and Tobago,2,0,2 - 0,1
692,Friendlies,2019-10-03,Bangladesh,Bhutan,2,0,2 - 0,1
693,Friendlies,2019-10-05,Malaysia,Sri Lanka,6,0,6 - 0,1
694,Friendlies,2019-10-05,Jordan,Singapore,0,0,0 - 0,0
695,Friendlies,2019-10-09,Bahrain,Azerbaijan,2,3,2 - 3,2
696,Friendlies,2019-10-09,Germany,Argentina,2,2,2 - 2,0
697,Friendlies,2019-10-10,Doxa Katokopia,Cyprus U21,0,2,0 - 2,2
698,Friendlies,2019-10-10,Brazil,Senegal,1,1,1 - 1,0
699,Friendlies,2019-10-10,Thailand,Congo,1,1,1 - 1,0
700,Friendlies,2019-10-10,Togo,Cape Verde,1,2,1 - 2,2
701,Friendlies,2019-10-10,Gabon,Burkina Faso,1,0,1 - 0,1
702,Friendlies,2019-10-10,Kosovo,Gibraltar,1,0,1 - 0,1
703,Friendlies,2019-10-10,Thailand,Congo,1,1,1 - 1,0
704,Friendlies,2019-10-10,Serbia,Paraguay,1,0,1 - 0,1
705,Friendlies,2019-10-10,Algeria,DR Congo,1,1,1 - 1,0
706,Friendlies,2019-10-10,Venezuela,Bolivia,4,1,4 - 1,1
707,Friendlies,2019-10-11,Morroco,Libya,1,1,1 - 1,0
708,Friendlies,2019-10-11,Uruguay,Peru,1,0,1 - 0,1
709,Friendlies,2019-10-12,Colombia,Chile,0,0,0 - 0,0
710,Friendlies,2019-10-12,Guinea,Comoros,0,1,0 - 1,2
711,Friendlies,2019-10-12,Chile,Japan,0,0,0 - 0,0
712,Friendlies,2019-10-12,Tunisia,Cameroon,0,0,0 - 0,0
713,Friendlies,2019-10-13,Brazil,Nigeria,1,1,1 - 1,0
714,Friendlies,2019-10-13,Equatorial Guinea,Togo,1,1,1 - 1,0
715,Friendlies,2019-10-13,Ethiopia,Uganda,0,1,0 - 1,2
716,Friendlies,2019-10-13,Kenya,Mozambique,0,1,0 - 1,2
717,Friendlies,2019-10-13,South Africa,Mali,2,1,2 - 1,1
718,Friendlies,2019-10-13,Argentina,Ecuador,6,1,6 - 1,1
719,Friendlies,2019-10-13,Benin,Zambia,2,2,2 - 2,0
720,Friendlies,2019-10-13,Niger,Central African Republic,0,2,0 - 2,2
721,Friendlies,2019-10-13,Ivory Coast,DR Congo,3,1,3 - 1,1
722,Friendlies,2019-10-13,Slovakia,Paraguay,1,1,1 - 1,0
723,Friendlies,2019-10-14,Rwanda,Tanzania,0,0,0 - 0,0
724,Friendlies,2019-10-14,Czech Republic,N.Ireland,2,3,2 - 3,2
725,Friendlies,2019-10-14,Egypt,Botswana,1,0,1 - 0,1
726,Friendlies,2019-10-14,Venezuela,Trinidad and Tobago,2,0,2 - 0,1
727,Friendlies,2019-10-15,Guinea,Chile,2,3,2 - 3,2
728,Friendlies,2019-10-15,Kuwait,Turkmenistan,1,1,1 - 1,0
729,Friendlies,2019-10-15,Chile,Guinea,3,2,3 - 2,1
730,Friendlies,2019-10-15,Denmark,Luxembourg,4,0,4 - 0,1
731,Friendlies,2019-10-15,Mauritania,Libya,0,0,0 - 0,0
732,Friendlies,2019-10-15,Algeria,Colombia,3,0,3 - 0,1
733,Friendlies,2019-10-15,Morroco,Gabon,2,3,2 - 3,2
734,Friendlies,2019-10-15,Bermuda,Guatemala,0,0,0 - 0,0
735,Friendlies,2019-10-15,Bolivia,Haiti,3,1,3 - 1,1
736,Friendlies,2019-10-16,Peru,Uruguay,1,1,1 - 1,0
737,Friendlies,2019-11-07,Myanmar,Nepal,3,0,3 - 0,1
738,Friendlies,2019-11-07,Myanmar,Nepal,3,0,3 - 0,1
739,Friendlies,2019-11-07,Egypt,Liberia,1,0,1 - 0,1
740,Friendlies,2019-11-08,Nicaragua,Cuba,0,0,0 - 0,0
741,Friendlies,2019-11-09,Uzbekistan,Kyrgyzstan,3,1,3 - 1,1
742,Friendlies,2019-11-09,Malaysia,Tajikistan,1,0,1 - 0,1
743,Friendlies,2019-11-09,Namibia,Zambia,0,2,0 - 2,2
744,Friendlies,2019-11-14,Cambodia,Mongolia,1,1,1 - 1,0
745,Friendlies,2019-11-14,Qatar,Singapore,2,0,2 - 0,1
746,Friendlies,2019-11-14,Bulgaria,Paraguay,0,1,0 - 1,2
747,Friendlies,2019-11-14,Ukraine,Estonia,1,0,1 - 0,1
748,Friendlies,2019-11-14,Republic of Ireland,New Zealand,3,1,3 - 1,1
749,Friendlies,2019-11-14,Ecuador,Trinidad and Tobago,3,0,3 - 0,1
750,Friendlies,2019-11-15,Trinidad and Tobago,Ecuador,0,3,0 - 3,2
751,Friendlies,2019-11-15,Brazil,Argentina,0,1,0 - 1,2
752,Friendlies,2019-11-15,Hungary,Uruguay,1,2,1 - 2,2
753,Friendlies,2019-11-16,Colombia,Peru,1,0,1 - 0,1
754,Friendlies,2019-11-16,Peru,Japan,0,1,0 - 1,2
755,Friendlies,2019-11-17,Lithuania,New Zealand,1,0,1 - 0,1
756,Friendlies,2019-11-18,Argentina,Uruguay,2,2,2 - 2,0
757,Friendlies,2019-11-19,Japan,Venezuela,1,4,1 - 4,2
758,Friendlies,2019-11-19,Brazil,South Korea,3,0,3 - 0,1
759,Friendlies,2019-11-19,Saudi Arabia,Paraguay,0,0,0 - 0,0
760,Friendlies,2019-11-19,Croatia,Georgia,2,1,2 - 1,1
761,Friendlies,2019-11-19,Montenegro,Belarus,2,0,2 - 0,1
762,Friendlies,2019-11-20,Ecuador,Colombia,0,1,0 - 1,2
763,Friendlies,2019-11-20,Japan,Ecuador,0,1,0 - 1,2
764,Friendlies,2019-11-21,Guatemala,Antigua and Barbuda,8,0,8 - 0,1
765,Friendlies,2020-01-07,Canada,Barbados,4,1,4 - 1,1
766,Friendlies,2020-01-09,Sweden,Moldova,1,0,1 - 0,1
767,Friendlies,2020-01-11,Canada,Barbados,4,1,4 - 1,1
768,Friendlies,2020-01-11,Canada,Barbados,4,1,4 - 1,1
769,Friendlies,2020-01-12,Sweden,Kosovo,1,0,1 - 0,1
770,Friendlies,2020-01-15,Bangladesh,Palestine,0,2,0 - 2,2
771,Friendlies,2020-01-15,Canada,Iceland,0,1,0 - 1,2
772,Friendlies,2020-01-16,Mauritius,Burundi,1,4,1 - 4,2
773,Friendlies,2020-01-17,Palestine,Sri Lanka,2,0,2 - 0,1
774,Friendlies,2020-01-18,Burundi,Seychelles,3,1,3 - 1,1
775,Friendlies,2020-01-19,Sri Lanka,Bangladesh,0,3,0 - 3,2
776,Friendlies,2020-01-20,El Salvador,Iceland,0,1,0 - 1,2
777,Friendlies,2020-01-20,Iceland,El Salvador,1,0,1 - 0,1
778,Friendlies,2020-01-20,Seychelles,Mauritius,2,2,2 - 2,0
779,Friendlies,2020-01-22,Palestine,Seychelles,1,0,1 - 0,1
780,Friendlies,2020-01-23,Burundi,Bangladesh,3,0,3 - 0,1
781,Friendlies,2020-01-25,Palestine,Burundi,3,1,3 - 1,1
782,Friendlies,2020-02-23,Uzbekistan,Belarus,0,1,0 - 1,2
783,Friendlies,2020-02-24,Cameroon,Rwanda,0,0,0 - 0,0
784,Friendlies,2020-02-26,Nicaragua,Panama,0,0,0 - 0,0
785,Friendlies,2020-02-26,Bulgaria,Belarus,0,1,0 - 1,2
786,Friendlies,2020-03-05,Guatemala,Panama,0,2,0 - 2,2
787,Friendlies,2020-03-12,Zambia,Malawi,1,0,1 - 0,1
788,Friendlies,2020-09-03,Uzbekistan,Tajikistan,2,1,2 - 1,1
789,Friendlies,2020-10-01,Mexico,Guatemala,3,0,3 - 0,1
790,Friendlies,2020-10-07,Nicaragua,Guatemala,0,0,0 - 0,0
791,Friendlies,2020-10-07,Cyprus,Czech Republic,1,2,1 - 2,2
792,Friendlies,2020-10-07,Denmark,Faroe Islands,4,0,4 - 0,1
793,Friendlies,2020-10-07,Estonia,Lithuania,1,3,1 - 3,2
794,Friendlies,2020-10-07,Malta,Gibraltar,2,0,2 - 0,1
795,Friendlies,2020-10-07,Montenegro,Latvia,1,1,1 - 1,0
796,Friendlies,2020-10-07,Luxembourg,Liechtenstein,1,2,1 - 2,2
797,Friendlies,2020-10-07,Austria,Greece,2,1,2 - 1,1
798,Friendlies,2020-10-07,Andorra,Cape Verde,1,2,1 - 2,2
799,Friendlies,2020-10-07,Germany,Turkey,3,3,3 - 3,0
800,Friendlies,2020-10-07,Italy,Moldova,6,0,6 - 0,1
801,Friendlies,2020-10-07,Netherlands,Mexico,0,1,0 - 1,2
802,Friendlies,2020-10-07,Poland,Finland,5,1,5 - 1,1
803,Friendlies,2020-10-07,Portugal,Spain,0,0,0 - 0,0
804,Friendlies,2020-10-07,Slovenia,San Marino,4,0,4 - 0,1
805,Friendlies,2020-10-07,Switzerland,Croatia,1,2,1 - 2,2
806,Friendlies,2020-10-07,France,Ukraine,7,1,7 - 1,1
807,Friendlies,2020-10-08,Uzbekistan,Iran,1,2,1 - 2,2
808,Friendlies,2020-10-08,South Africa,Namibia,1,1,1 - 1,0
809,Friendlies,2020-10-08,Russia,Sweden,1,2,1 - 2,2
810,Friendlies,2020-10-08,England,Wales,3,0,3 - 0,1
811,Friendlies,2020-10-09,Japan,Cameroon,0,0,0 - 0,0
812,Friendlies,2020-10-09,Tunisia,Sudan,3,0,3 - 0,1
813,Friendlies,2020-10-09,Morroco,Senegal,3,1,3 - 1,1
814,Friendlies,2020-10-09,Nigeria,Algeria,0,1,0 - 1,2
815,Friendlies,2020-10-11,Costa Rica,Panama,0,1,0 - 1,2
816,Friendlies,2020-10-11,South Africa,Zambia,1,2,1 - 2,2
817,Friendlies,2020-10-13,Cameroon,South Sudan,0,0,0 - 0,0
818,Friendlies,2020-10-13,Colombia,Ivory Coast,1,0,1 - 0,1
819,Friendlies,2020-10-13,Morroco,DR Congo,1,1,1 - 1,0
820,Friendlies,2020-10-13,Nigeria,Tunisia,1,1,1 - 1,0
821,Friendlies,2020-10-13,Japan,Ivory Coast,1,0,1 - 0,1
822,Friendlies,2020-10-13,Mexico,Algeria,2,2,2 - 2,0
823,Friendlies,2020-10-14,Costa Rica,Panama,0,1,0 - 1,2
824,Friendlies,2020-10-22,Ethiopia,Zambia,2,3,2 - 3,2
825,Friendlies,2020-11-09,Djibouti,Cameroon,2,1,2 - 1,1
826,Friendlies,2020-11-11,Greece,Cyprus,2,1,2 - 1,1
827,Friendlies,2020-11-11,Albania,Kosovo,2,1,2 - 1,1
828,Friendlies,2020-11-11,Lithuania,Faroe Islands,2,1,2 - 1,1
829,Friendlies,2020-11-11,Malta,Liechtenstein,3,0,3 - 0,1
830,Friendlies,2020-11-11,Montenegro,Kazakhstan,0,0,0 - 0,0
831,Friendlies,2020-11-11,Romania,Belarus,5,3,5 - 3,1
832,Friendlies,2020-11-11,San Marino,Latvia,0,3,0 - 3,2
833,Friendlies,2020-11-11,Bulgaria,Gibraltar,3,0,3 - 0,1
834,Friendlies,2020-11-11,Turkey,Croatia,3,3,3 - 3,0
835,Friendlies,2020-11-11,Denmark,Sweden,2,0,2 - 0,1
836,Friendlies,2020-11-11,Luxembourg,Austria,0,3,0 - 3,2
837,Friendlies,2020-11-11,Belgium,Switzerland,2,1,2 - 1,1
838,Friendlies,2020-11-11,Germany,Czech Republic,1,0,1 - 0,1
839,Friendlies,2020-11-11,Italy,Estonia,4,0,4 - 0,1
840,Friendlies,2020-11-11,Netherlands,Spain,1,1,1 - 1,0
841,Friendlies,2020-11-11,Poland,Ukraine,2,0,2 - 0,1
842,Friendlies,2020-11-11,Portugal,Andorra,7,0,7 - 0,1
843,Friendlies,2020-11-11,Slovenia,Azerbaijan,0,0,0 - 0,0
844,Friendlies,2020-11-11,France,Finland,0,2,0 - 2,2
845,Friendlies,2020-11-12,U.A.E.,Tajikistan,3,2,3 - 2,1
846,Friendlies,2020-11-12,Bosnia and Herzegovina,Iran,0,2,0 - 2,2
847,Friendlies,2020-11-12,Moldova,Russia,0,0,0 - 0,0
848,Friendlies,2020-11-12,Wales,USA,0,0,0 - 0,0
849,Friendlies,2020-11-12,England,Republic of Ireland,3,0,3 - 0,1
850,Friendlies,2020-11-13,Bangladesh,Nepal,2,0,2 - 0,1
851,Friendlies,2020-11-13,Japan,Panama,1,0,1 - 0,1
852,Friendlies,2020-11-13,Costa Rica,Qatar,1,1,1 - 1,0
853,Friendlies,2020-11-13,Qatar,Costa Rica,1,1,1 - 1,0
854,Friendlies,2020-11-14,Saudi Arabia,Jamaica,3,0,3 - 0,1
855,Friendlies,2020-11-14,Mexico,South Korea,3,2,3 - 2,1
856,Friendlies,2020-11-15,Guatemala,Honduras,2,1,2 - 1,1
857,Friendlies,2020-11-16,USA,Panama,6,2,6 - 2,1
858,Friendlies,2020-11-16,Basque Country,Costa Rica,2,1,2 - 1,1
859,Friendlies,2020-11-17,Bangladesh,Nepal,0,0,0 - 0,0
860,Friendlies,2020-11-17,Qatar,South Korea,1,2,1 - 2,2
861,Friendlies,2020-11-17,South Korea,Qatar,2,1,2 - 1,1
862,Friendlies,2020-11-17,Saudi Arabia,Jamaica,1,2,1 - 2,2
863,Friendlies,2020-11-17,Japan,Mexico,0,2,0 - 2,2
864,Friendlies,2020-12-10,USA,El Salvador,6,0,6 - 0,1
865,Friendlies,2021-01-07,Cameroon,Zambia,0,2,0 - 2,2
866,Friendlies,2021-01-12,Tanzania,DR Congo,1,1,1 - 1,0
867,Friendlies,2021-01-12,Benin,Togo,0,0,0 - 0,0
868,Friendlies,2021-01-12,U.A.E.,Iraq,0,0,0 - 0,0
869,Friendlies,2021-01-18,Kuwait,Palestine,0,1,0 - 1,2
870,Friendlies,2021-01-22,Guatemala,Puerto Rico,1,0,1 - 0,1
871,Friendlies,2021-01-24,Dynamo Kyiv,Jordan,0,0,0 - 0,0
872,Friendlies,2021-01-25,Dominican Republic,Serbia,0,0,0 - 0,0
873,Friendlies,2021-01-27,Iraq,Kuwait,2,1,2 - 1,1
874,Friendlies,2021-01-28,Panama,Serbia,0,0,0 - 0,0
875,Friendlies,2021-01-31,USA,Trinidad and Tobago,7,0,7 - 0,1
876,Friendlies,2021-02-01,Jordan,Tajikistan,2,0,2 - 0,1
877,Friendlies,2021-02-05,Jordan,Tajikistan,0,1,0 - 1,2
878,Friendlies,2021-02-15,Uzbekistan,Jordan,2,0,2 - 0,1
879,Friendlies,2021-02-24,Guatemala,Nicaragua,1,0,1 - 0,1
880,Friendlies,2021-03-15,Kenya,Tanzania,2,1,2 - 1,1
881,Friendlies,2021-03-17,Ethiopia,Malawi,4,0,4 - 0,1
882,Friendlies,2021-03-20,Oman,Jordan,0,0,0 - 0,0
883,Friendlies,2021-03-24,Jordan,Lebanon,1,0,1 - 0,1
884,Friendlies,2021-03-24,Belarus,Honduras,1,1,1 - 1,0
885,Friendlies,2021-03-24,Kosovo,Lithuania,4,0,4 - 0,1
886,Friendlies,2021-03-25,Colombia,South Korea,3,0,3 - 0,1
887,Friendlies,2021-03-25,India,Oman,1,1,1 - 1,0
888,Friendlies,2021-03-25,Bahrain,Syria,3,1,3 - 1,1
889,Friendlies,2021-03-26,Uzbekistan,Ghana,2,1,2 - 1,1
890,Friendlies,2021-03-27,Chile,Bolivia,2,1,2 - 1,1
891,Friendlies,2021-03-27,Nepal,Bangladesh,0,0,0 - 0,0
892,Friendlies,2021-03-27,Bangladesh,Nepal,0,0,0 - 0,0
893,Friendlies,2021-03-27,Bosnia and Herzegovina,Costa Rica,0,0,0 - 0,0
894,Friendlies,2021-03-27,Wales,Mexico,1,0,1 - 0,1
895,Friendlies,2021-03-28,Greece,Honduras,2,1,2 - 1,1
896,Friendlies,2021-03-28,N.Ireland,USA,1,2,1 - 2,2
897,Friendlies,2021-03-29,Nepal,Bangladesh,2,1,2 - 1,1
898,Friendlies,2021-03-29,Uzbekistan,Iraq,0,1,0 - 1,2
899,Friendlies,2021-03-29,Kuwait,Lebanon,1,1,1 - 1,0
900,Friendlies,2021-03-29,India,U.A.E.,0,6,0 - 6,2
901,Friendlies,2021-03-29,Ecuador,Bolivia,2,1,2 - 1,1
902,Friendlies,2021-03-30,Iran,Syria,3,0,3 - 0,1
903,Friendlies,2021-03-30,Bahrain,Jordan,1,2,1 - 2,2
904,Friendlies,2021-03-30,Costa Rica,Mexico,0,1,0 - 1,2
905,Friendlies,2021-03-31,Sweden,Estonia,1,0,1 - 0,1
906,Friendlies,2021-03-31,Switzerland,Finland,3,2,3 - 2,1
907,Friendlies,2021-05-23,Ukraine,Bahrain,1,1,1 - 1,0
908,Friendlies,2021-05-24,U.A.E.,Jordan,5,1,5 - 1,1
909,Friendlies,2021-05-24,Jordan,U.A.E.,1,5,1 - 5,2
910,Friendlies,2021-05-25,Indonesia,Afghanistan,2,3,2 - 3,2
911,Friendlies,2021-05-25,Thailand,Oman,0,1,0 - 1,2
912,Friendlies,2021-05-27,Turkey,Azerbaijan,2,1,2 - 1,1
913,Friendlies,2021-05-28,Bahrain,Malaysia,2,0,2 - 0,1
914,Friendlies,2021-05-28,Italy,San Marino,7,0,7 - 0,1
915,Friendlies,2021-05-29,Indonesia,Oman,1,3,1 - 3,2
916,Friendlies,2021-05-29,Singapore,Afghanistan,1,1,1 - 1,0
917,Friendlies,2021-05-29,Sweden,Finland,2,0,2 - 0,1
918,Friendlies,2021-05-29,Iraq,Nepal,6,2,6 - 2,1
919,Friendlies,2021-05-29,Thailand,Tajikistan,2,2,2 - 2,0
920,Friendlies,2021-05-30,Mexico,Iceland,2,1,2 - 1,1
921,Friendlies,2021-05-30,Thailand,Uzbekistan,1,4,1 - 4,2
922,Friendlies,2021-05-30,Malta,N.Ireland,0,3,0 - 3,2
923,Friendlies,2021-05-30,Switzerland,USA,2,1,2 - 1,1
924,Friendlies,2021-05-31,Jordan,Vietnam,1,1,1 - 1,0
925,Friendlies,2021-05-31,Turkey,Guinea,0,0,0 - 0,0
926,Friendlies,2021-06-01,Croatia,Armenia,1,1,1 - 1,0
927,Friendlies,2021-06-01,Kosovo,San Marino,4,1,4 - 1,1
928,Friendlies,2021-06-01,Lithuania,Estonia,0,1,0 - 1,2
929,Friendlies,2021-06-01,FYR Macedonia,Slovenia,1,1,1 - 1,0
930,Friendlies,2021-06-01,Slovakia,Bulgaria,1,1,1 - 1,0
931,Friendlies,2021-06-01,Poland,Russia,1,1,1 - 1,0
932,Friendlies,2021-06-02,Belarus,Azerbaijan,1,2,1 - 2,2
933,Friendlies,2021-06-02,Bosnia and Herzegovina,Montenegro,0,0,0 - 0,0
934,Friendlies,2021-06-02,Norway,Luxembourg,1,0,1 - 0,1
935,Friendlies,2021-06-02,Netherlands,Scotland,2,2,2 - 2,0
936,Friendlies,2021-06-02,Romania,Georgia,1,2,1 - 2,2
937,Friendlies,2021-06-02,England,Austria,1,0,1 - 0,1
938,Friendlies,2021-06-02,Germany,Denmark,1,1,1 - 1,0
939,Friendlies,2021-06-02,France,Wales,3,0,3 - 0,1
940,Friendlies,2021-06-03,Switzerland,Liechtenstein,7,0,7 - 0,1
941,Friendlies,2021-06-03,Turkey,Moldova,2,0,2 - 0,1
942,Friendlies,2021-06-03,Ukraine,N.Ireland,1,0,1 - 0,1
943,Friendlies,2021-06-04,Rwanda,Central African Republic,2,0,2 - 0,1
944,Friendlies,2021-06-04,Finland,Estonia,0,1,0 - 1,2
945,Friendlies,2021-06-04,Latvia,Lithuania,3,1,3 - 1,1
946,Friendlies,2021-06-04,Malta,Kosovo,2,1,2 - 1,1
947,Friendlies,2021-06-04,Spain,Portugal,0,0,0 - 0,0
948,Friendlies,2021-06-04,Hungary,Cyprus,1,0,1 - 0,1
949,Friendlies,2021-06-04,Nigeria,Cameroon,0,1,0 - 1,2
950,Friendlies,2021-06-04,Faroe Islands,Iceland,0,1,0 - 1,2
951,Friendlies,2021-06-04,Italy,Czech Republic,4,0,4 - 0,1
952,Friendlies,2021-06-04,Slovenia,Gibraltar,6,0,6 - 0,1
953,Friendlies,2021-06-05,Guinea,Togo,0,2,0 - 2,2
954,Friendlies,2021-06-05,Togo,Guinea,2,0,2 - 0,1
955,Friendlies,2021-06-05,Russia,Bulgaria,1,0,1 - 0,1
956,Friendlies,2021-06-05,Wales,Albania,0,0,0 - 0,0
957,Friendlies,2021-06-05,Ivory Coast,Burkina Faso,2,1,2 - 1,1
958,Friendlies,2021-06-05,Gambia,Niger,2,0,2 - 0,1
959,Friendlies,2021-06-05,Niger,Gambia,0,2,0 - 2,2
960,Friendlies,2021-06-05,Montenegro,Israel,1,3,1 - 3,2
961,Friendlies,2021-06-05,Sweden,Armenia,3,1,3 - 1,1
962,Friendlies,2021-06-05,Senegal,Zambia,3,1,3 - 1,1
963,Friendlies,2021-06-05,Tunisia,DR Congo,1,0,1 - 0,1
964,Friendlies,2021-06-06,Austria,Slovakia,0,0,0 - 0,0
965,Friendlies,2021-06-06,Denmark,Bosnia and Herzegovina,2,0,2 - 0,1
966,Friendlies,2021-06-06,England,Romania,1,0,1 - 0,1
967,Friendlies,2021-06-06,Luxembourg,Scotland,0,1,0 - 1,2
968,Friendlies,2021-06-06,Moldova,Azerbaijan,1,0,1 - 0,1
969,Friendlies,2021-06-06,Netherlands,Georgia,3,0,3 - 0,1
970,Friendlies,2021-06-06,Norway,Greece,1,2,1 - 2,2
971,Friendlies,2021-06-06,Belgium,Croatia,1,0,1 - 0,1
972,Friendlies,2021-06-06,Algeria,Mali,1,0,1 - 0,1
973,Friendlies,2021-06-07,USA,Mexico,3,2,3 - 2,1
974,Friendlies,2021-06-07,Serbia,Jamaica,1,1,1 - 1,0
975,Friendlies,2021-06-07,Ukraine,Cyprus,4,0,4 - 0,1
976,Friendlies,2021-06-07,Andorra,Gibraltar,0,0,0 - 0,0
977,Friendlies,2021-06-07,Faroe Islands,Liechtenstein,5,1,5 - 1,1
978,Friendlies,2021-06-07,Germany,Latvia,7,1,7 - 1,1
979,Friendlies,2021-06-08,Kosovo,Guinea,1,2,1 - 2,2
980,Friendlies,2021-06-08,Cameroon,Nigeria,0,0,0 - 0,0
981,Friendlies,2021-06-08,Poland,Iceland,2,2,2 - 2,0
982,Friendlies,2021-06-08,Benin,Zambia,2,2,2 - 2,0
983,Friendlies,2021-06-08,Gambia,Togo,1,0,1 - 0,1
984,Friendlies,2021-06-08,Hungary,Republic of Ireland,0,0,0 - 0,0
985,Friendlies,2021-06-08,Czech Republic,Albania,3,1,3 - 1,1
986,Friendlies,2021-06-08,Spain U21,Lithuania,4,0,4 - 0,1
987,Friendlies,2021-06-08,Morroco,Ghana,1,0,1 - 0,1
988,Friendlies,2021-06-08,Senegal,Cape Verde,2,0,2 - 0,1
989,Friendlies,2021-06-08,France,Bulgaria,3,0,3 - 0,1
990,Friendlies,2021-06-09,Niger,Congo,0,1,0 - 1,2
991,Friendlies,2021-06-09,Portugal,Israel,4,0,4 - 0,1
992,Friendlies,2021-06-09,USA,Costa Rica,4,0,4 - 0,1
993,Friendlies,2021-06-10,Estonia,Latvia,2,1,2 - 1,1
994,Friendlies,2021-06-11,Colombia,Serbia,1,0,1 - 0,1
995,Friendlies,2021-06-11,DR Congo,Mali,1,1,1 - 1,0
996,Friendlies,2021-06-11,Guinea,Niger,2,1,2 - 1,1
997,Friendlies,2021-06-11,Mauritania,Liberia,1,0,1 - 0,1
998,Friendlies,2021-06-11,Gambia,Kosovo,0,1,0 - 1,2
999,Friendlies,2021-06-11,Sudan,Zambia,3,2,3 - 2,1
1000,Friendlies,2021-06-11,Kosovo,Gambia,1,0,1 - 0,1
1001,Friendlies,2021-06-11,Tunisia,Algeria,0,2,0 - 2,2
1002,Friendlies,2021-06-12,Ghana,Ivory Coast,0,0,0 - 0,0
1003,Friendlies,2021-06-12,Morroco,Burkina Faso,1,0,1 - 0,1
1004,Friendlies,2021-06-12,Mexico,Honduras,0,0,0 - 0,0
1005,Friendlies,2021-06-13,Tanzania,Malawi,2,0,2 - 0,1
1006,Friendlies,2021-06-13,Sudan,Zambia,0,1,0 - 1,2
1007,Friendlies,2021-06-15,Tunisia,Mali,1,0,1 - 0,1
1008,Friendlies,2021-06-22,Mauritania,Yemen,2,0,2 - 0,1
1009,Friendlies,2021-06-24,Palestine,Comoros,5,1,5 - 1,1
1010,Friendlies,2021-06-27,El Salvador,Guatemala,0,0,0 - 0,0
1011,Friendlies,2021-07-01,Mexico,Panama,3,0,3 - 0,1
1012,Friendlies,2021-07-04,Mexico,Nigeria,4,0,4 - 0,1
1013,Friendlies,2021-07-04,El Salvador,Qatar,0,1,0 - 1,2
1014,Friendlies,2021-08-22,El Salvador,Costa Rica,0,0,0 - 0,0
1015,Friendlies,2021-08-25,Vozdovac,Oman,0,2,0 - 2,2
1016,Friendlies,2021-08-26,Ethiopia,Sierra Leone,0,0,0 - 0,0
1017,Friendlies,2021-08-26,Sudan,Niger,3,0,3 - 0,1
1018,Friendlies,2021-08-27,Fujairah SC,Lebanon,0,2,0 - 2,2
1019,Friendlies,2021-08-29,Ethiopia,Uganda,2,1,2 - 1,1
1020,Friendlies,2021-09-01,Finland,Wales,0,0,0 - 0,0
1021,Friendlies,2021-09-01,Bahrain,Haiti,6,1,6 - 1,1
1022,Friendlies,2021-09-01,Qatar,Serbia,0,4,0 - 4,2
1023,Friendlies,2021-09-01,Switzerland,Greece,2,1,2 - 1,1
1024,Friendlies,2021-09-02,Nepal,India,1,1,1 - 1,0
1025,Friendlies,2021-09-02,Kyrgyzstan,Palestine,1,0,1 - 0,1
1026,Friendlies,2021-09-04,Haiti,Jordan,2,0,2 - 0,1
1027,Friendlies,2021-09-04,Qatar,Portugal,1,3,1 - 3,2
1028,Friendlies,2021-09-04,Bosnia and Herzegovina,Kuwait,1,0,1 - 0,1
1029,Friendlies,2021-09-05,Nepal,India,1,2,1 - 2,2
1030,Friendlies,2021-09-05,Sweden,Uzbekistan,2,1,2 - 1,1
1031,Friendlies,2021-09-05,Palestine,Bangladesh,2,0,2 - 0,1
1032,Friendlies,2021-09-05,Bangladesh,Palestine,0,2,0 - 2,2
1033,Friendlies,2021-09-05,Estonia,N.Ireland,0,1,0 - 1,2
1034,Friendlies,2021-09-07,Comoros,Burundi,1,0,1 - 0,1
1035,Friendlies,2021-09-07,Kyrgyzstan,Bangladesh,4,1,4 - 1,1
1036,Friendlies,2021-09-07,Bahrain,Jordan,1,2,1 - 2,2
1037,Friendlies,2021-09-07,Luxembourg,Qatar,1,1,1 - 1,0
1038,Friendlies,2021-09-08,Bulgaria,Georgia,4,1,4 - 1,1
1039,Friendlies,2021-09-08,Czech Republic,Ukraine,1,1,1 - 1,0
1040,Friendlies,2021-09-08,Guatemala,Nicaragua,2,2,2 - 2,0
1041,Friendlies,2021-09-25,El Salvador,Guatemala,0,2,0 - 2,2
1042,Friendlies,2021-09-30,Egypt,Liberia,2,0,2 - 0,1
1043,Friendlies,2021-10-06,Jordan,Malaysia,4,0,4 - 0,1
1044,Friendlies,2021-10-06,Bahrain,Curacao,4,0,4 - 0,1
1045,Friendlies,2021-10-09,Uzbekistan,Malaysia,5,1,5 - 1,1
1046,Friendlies,2021-10-09,Curacao,New Zealand,1,2,1 - 2,2
1047,Friendlies,2021-10-09,Portugal,Qatar,3,0,3 - 0,1
1048,Friendlies,2021-10-12,Jordan,Uzbekistan,3,0,3 - 0,1
1049,Friendlies,2021-10-12,Bahrain,New Zealand,0,1,0 - 1,2
1050,Friendlies,2021-10-12,Republic of Ireland,Qatar,4,0,4 - 0,1
1051,Friendlies,2021-10-28,Mexico,Ecuador,2,3,2 - 3,2
1052,Friendlies,2021-11-05,El Salvador,Bolivia,0,1,0 - 1,2
1053,Friendlies,2021-11-09,Sri Lanka,Maldives,4,4,4 - 4,0
1054,Friendlies,2021-11-10,Bangladesh,Seychelles,1,1,1 - 1,0
1055,Friendlies,2021-11-10,Kosovo,Jordan,0,2,0 - 2,2
1056,Friendlies,2021-11-11,Nicaragua,Cuba,0,3,0 - 3,2
1057,Friendlies,2021-11-11,Kyrgyzstan,Singapore,2,1,2 - 1,1
1058,Friendlies,2021-11-11,Serbia,Qatar,4,0,4 - 0,1
1059,Friendlies,2021-11-11,Czech Republic,Kuwait,7,0,7 - 0,1
1060,Friendlies,2021-11-11,Ukraine,Bulgaria,1,1,1 - 1,0
1061,Friendlies,2021-11-13,Bangladesh,Maldives,2,1,2 - 1,1
1062,Friendlies,2021-11-13,Burundi,Myanmar,2,1,2 - 1,1
1063,Friendlies,2021-11-14,Nicaragua,Cuba,2,0,2 - 0,1
1064,Friendlies,2021-11-14,Azerbaijan,Qatar,2,2,2 - 2,0
1065,Friendlies,2021-11-15,Georgia,Uzbekistan,1,0,1 - 0,1
1066,Friendlies,2021-11-15,Lithuania,Kuwait,1,1,1 - 1,0
1067,Friendlies,2021-11-16,Maldives,Seychelles,0,0,0 - 0,0
1068,Friendlies,2021-11-16,Kazakhstan,Tajikistan,1,0,1 - 0,1
1069,Friendlies,2021-11-16,Afghanistan,Indonesia,1,0,1 - 0,1
1070,Friendlies,2021-11-16,New Zealand,Gambia,2,0,2 - 0,1
1071,Friendlies,2021-11-16,Belarus,Jordan,1,0,1 - 0,1
1072,Friendlies,2021-11-19,Sri Lanka,Seychelles,3,3,3 - 3,0
1073,Friendlies,2021-12-05,El Salvador,Ecuador,1,1,1 - 1,0
1074,Friendlies,2021-12-09,Chile,Mexico,2,2,2 - 2,0
1075,Friendlies,2021-12-09,Tanzania,Uganda,0,2,0 - 2,2
1076,Friendlies,2021-12-12,El Salvador,Chile,0,1,0 - 1,2
1077,Friendlies,2021-12-19,USA,Bosnia and Herzegovina,1,0,1 - 0,1
1078,Friendlies,2021-12-30,Mauritania,Burkina Faso,0,0,0 - 0,0
1079,Friendlies,2021-12-31,Comoros,Malawi,1,2,1 - 2,2
1080,Friendlies,2022-01-02,Zimbabwe,Sudan,0,0,0 - 0,0
1081,Friendlies,2022-01-05,Algeria,Ghana,3,0,3 - 0,1
1082,Friendlies,2022-01-12,Iceland,Uganda,1,1,1 - 1,0
1083,Friendlies,2022-01-15,Iceland,South Korea,1,5,1 - 5,2
1084,Friendlies,2022-01-16,Peru,Panama,1,1,1 - 1,0
1085,Friendlies,2022-01-16,Colombia,Honduras,2,1,2 - 1,1
1086,Friendlies,2022-01-18,Moldova,Uganda,2,3,2 - 3,2
1087,Friendlies,2022-01-21,Peru,Jamaica,3,0,3 - 0,1
1088,Friendlies,2022-01-21,Moldova,South Korea,0,4,0 - 4,2
1089,Friendlies,2022-01-21,Iraq,Uganda,1,0,1 - 0,1
1090,Friendlies,2022-01-21,Bolivia,Trinidad and Tobago,5,0,5 - 0,1
1091,Friendlies,2022-01-27,Bahrain,Uganda,3,1,3 - 1,1
1092,Friendlies,2022-01-30,Nicaragua,Belize,4,0,4 - 0,1
1093,Friendlies,2022-02-01,Suriname,Guyana,2,1,2 - 1,1
1094,Friendlies,2022-02-02,Nicaragua,Belize,1,1,1 - 1,0
1095,Friendlies,2022-03-23,Gibraltar,Grenada,0,0,0 - 0,0
1096,Friendlies,2022-03-23,Malaysia,Philippines,2,0,2 - 0,1
1097,Friendlies,2022-03-23,Bahrain,India,2,1,2 - 1,1
1098,Friendlies,2022-03-23,Tanzania,Central African Republic,3,1,3 - 1,1
1099,Friendlies,2022-03-23,Niger,Mozambique,1,1,1 - 1,0
1100,Friendlies,2022-03-23,Laos,Mongolia,1,0,1 - 0,1
1101,Friendlies,2022-03-23,Guadeloupe,Cape Verde,0,2,0 - 2,2
1102,Friendlies,2022-03-24,Thailand,Nepal,2,0,2 - 0,1
1103,Friendlies,2022-03-24,Liberia,Benin,0,4,0 - 4,2
1104,Friendlies,2022-03-24,Armenia,Montenegro,1,0,1 - 0,1
1105,Friendlies,2022-03-24,Kosovo,Burkina Faso,5,0,5 - 0,1
1106,Friendlies,2022-03-24,Hungary,Serbia,0,1,0 - 1,2
1107,Friendlies,2022-03-24,Scotland,Poland,1,1,1 - 1,0
1108,Friendlies,2022-03-24,Togo,Sierra Leone,3,0,3 - 0,1
1109,Friendlies,2022-03-25,Guatemala,Cuba,1,0,1 - 0,1
1110,Friendlies,2022-03-25,Latvia,Kuwait,1,1,1 - 1,0
1111,Friendlies,2022-03-25,Liechtenstein,Cape Verde,0,6,0 - 6,2
1112,Friendlies,2022-03-25,Norway,Slovakia,2,0,2 - 0,1
1113,Friendlies,2022-03-25,South Africa,Guinea,0,0,0 - 0,0
1114,Friendlies,2022-03-25,Malta,Azerbaijan,1,0,1 - 0,1
1115,Friendlies,2022-03-25,Romania,Greece,0,1,0 - 1,2
1116,Friendlies,2022-03-25,Luxembourg,N.Ireland,1,3,1 - 3,2
1117,Friendlies,2022-03-25,Andorra,St. Kitts and Nevis,1,0,1 - 0,1
1118,Friendlies,2022-03-25,Bosnia and Herzegovina,Georgia,0,1,0 - 1,2
1119,Friendlies,2022-03-25,San Marino,Lithuania,1,2,1 - 2,2
1120,Friendlies,2022-03-25,France,Ivory Coast,2,1,2 - 1,1
1121,Friendlies,2022-03-25,Uganda,Tajikistan,1,1,1 - 1,0
1122,Friendlies,2022-03-25,Uzbekistan,Kyrgyzstan,3,1,3 - 1,1
1123,Friendlies,2022-03-25,Comoros,Ethiopia,2,1,2 - 1,1
1124,Friendlies,2022-03-26,Croatia,Slovenia,1,1,1 - 1,0
1125,Friendlies,2022-03-26,Finland,Iceland,1,1,1 - 1,0
1126,Friendlies,2022-03-26,India,Belarus,0,3,0 - 3,2
1127,Friendlies,2022-03-26,Republic of Ireland,Belgium,2,2,2 - 2,0
1128,Friendlies,2022-03-26,England,Switzerland,2,1,2 - 1,1
1129,Friendlies,2022-03-26,Qatar,Bulgaria,2,1,2 - 1,1
1130,Friendlies,2022-03-26,Spain,Albania,2,1,2 - 1,1
1131,Friendlies,2022-03-26,Germany,Israel,2,0,2 - 0,1
1132,Friendlies,2022-03-26,Netherlands,Denmark,4,2,4 - 2,1
1133,Friendlies,2022-03-26,Gibraltar,Faroe Islands,0,0,0 - 0,0
1134,Friendlies,2022-03-26,Singapore,Malaysia,2,1,2 - 1,1
1135,Friendlies,2022-03-26,Libya,Niger,2,1,2 - 1,1
1136,Friendlies,2022-03-26,Mauritania,Mozambique,2,1,2 - 1,1
1137,Friendlies,2022-03-26,Bahrain,Burundi,1,0,1 - 0,1
1138,Friendlies,2022-03-27,Thailand,Suriname,1,0,1 - 0,1
1139,Friendlies,2022-03-27,Liberia,Sierra Leone,0,1,0 - 1,2
1140,Friendlies,2022-03-27,Guatemala,Haiti,2,1,2 - 1,1
1141,Friendlies,2022-03-28,San Marino,Cape Verde,0,2,0 - 2,2
1142,Friendlies,2022-03-28,Andorra,Grenada,1,0,1 - 0,1
1143,Friendlies,2022-03-28,Montenegro,Greece,1,0,1 - 0,1
1144,Friendlies,2022-03-29,Azerbaijan,Latvia,0,1,0 - 1,2
1145,Friendlies,2022-03-29,Croatia,Bulgaria,2,1,2 - 1,1
1146,Friendlies,2022-03-29,Liechtenstein,Faroe Islands,0,1,0 - 1,2
1147,Friendlies,2022-03-29,Albania,Georgia,0,0,0 - 0,0
1148,Friendlies,2022-03-29,Bahrain,Belarus,0,1,0 - 1,2
1149,Friendlies,2022-03-29,Denmark,Serbia,3,0,3 - 0,1
1150,Friendlies,2022-03-29,Finland,Slovakia,0,2,0 - 2,2
1151,Friendlies,2022-03-29,Switzerland,Kosovo,1,1,1 - 1,0
1152,Friendlies,2022-03-29,Malta,Kuwait,2,0,2 - 0,1
1153,Friendlies,2022-03-29,Norway,Armenia,9,0,9 - 0,1
1154,Friendlies,2022-03-29,Qatar,Slovenia,0,0,0 - 0,0
1155,Friendlies,2022-03-29,Israel,Romania,2,2,2 - 2,0
1156,Friendlies,2022-03-29,Austria,Scotland,2,2,2 - 2,0
1157,Friendlies,2022-03-29,Belgium,Burkina Faso,3,0,3 - 0,1
1158,Friendlies,2022-03-29,Bosnia and Herzegovina,Luxembourg,1,0,1 - 0,1
1159,Friendlies,2022-03-29,England,Ivory Coast,3,0,3 - 0,1
1160,Friendlies,2022-03-29,Netherlands,Germany,1,1,1 - 1,0
1161,Friendlies,2022-03-29,N.Ireland,Hungary,0,1,0 - 1,2
1162,Friendlies,2022-03-29,Republic of Ireland,Lithuania,1,0,1 - 0,1
1163,Friendlies,2022-03-29,Spain,Iceland,5,0,5 - 0,1
1164,Friendlies,2022-03-29,Turkey,Italy,2,3,2 - 3,2
1165,Friendlies,2022-03-29,Wales,Czech Republic,1,1,1 - 1,0
1166,Friendlies,2022-03-29,France,South Africa,5,0,5 - 0,1
1167,Friendlies,2022-03-29,Mauritania,Libya,2,0,2 - 0,1
1168,Friendlies,2022-03-29,France,South Africa,5,0,5 - 0,1
1169,Friendlies,2022-03-29,Tanzania,Sudan,1,1,1 - 1,0
1170,Friendlies,2022-03-29,Singapore,Philippines,2,0,2 - 0,1
1171,Friendlies,2022-03-29,Tajikistan,Kyrgyzstan,1,0,1 - 0,1
1172,Friendlies,2022-03-29,Congo,Sierra Leone,1,2,1 - 2,2
1173,Friendlies,2022-03-29,Uzbekistan,Uganda,4,2,4 - 2,1
1174,Friendlies,2022-03-29,Togo,Benin,1,1,1 - 1,0
1175,Friendlies,2022-03-29,Trinidad and Tobago,Guyana,1,1,1 - 1,0
1176,UEFA EURO,2021-06-11,Turkey,Italy,0,3,0 - 3,2
1177,UEFA EURO,2021-06-12,Wales,Switzerland,1,1,1 - 1,0
1178,UEFA EURO,2021-06-12,Denmark,Finland,0,1,0 - 1,2
1179,UEFA EURO,2021-06-12,Belgium,Russia,3,0,3 - 0,1
1180,UEFA EURO,2021-06-13,England,Croatia,1,0,1 - 0,1
1181,UEFA EURO,2021-06-13,Austria,FYR Macedonia,3,1,3 - 1,1
1182,UEFA EURO,2021-06-13,Netherlands,Ukraine,3,2,3 - 2,1
1183,UEFA EURO,2021-06-14,Scotland,Czech Republic,0,2,0 - 2,2
1184,UEFA EURO,2021-06-14,Poland,Slovakia,1,2,1 - 2,2
1185,UEFA EURO,2021-06-14,Spain,Sweden,0,0,0 - 0,0
1186,UEFA EURO,2021-06-15,Hungary,Portugal,0,3,0 - 3,2
1187,UEFA EURO,2021-06-15,France,Germany,1,0,1 - 0,1
1188,UEFA EURO,2021-06-16,Finland,Russia,0,1,0 - 1,2
1189,UEFA EURO,2021-06-16,Turkey,Wales,0,2,0 - 2,2
1190,UEFA EURO,2021-06-16,Italy,Switzerland,3,0,3 - 0,1
1191,UEFA EURO,2021-06-17,Ukraine,FYR Macedonia,2,1,2 - 1,1
1192,UEFA EURO,2021-06-17,Denmark,Belgium,1,2,1 - 2,2
1193,UEFA EURO,2021-06-17,Netherlands,Austria,2,0,2 - 0,1
1194,UEFA EURO,2021-06-18,Sweden,Slovakia,1,0,1 - 0,1
1195,UEFA EURO,2021-06-18,Croatia,Czech Republic,1,1,1 - 1,0
1196,UEFA EURO,2021-06-18,England,Scotland,0,0,0 - 0,0
1197,UEFA EURO,2021-06-19,Hungary,France,1,1,1 - 1,0
1198,UEFA EURO,2021-06-19,Portugal,Germany,2,4,2 - 4,2
1199,UEFA EURO,2021-06-19,Spain,Poland,1,1,1 - 1,0
1200,UEFA EURO,2021-06-20,Italy,Wales,1,0,1 - 0,1
1201,UEFA EURO,2021-06-20,Switzerland,Turkey,3,1,3 - 1,1
1202,UEFA EURO,2021-06-21,FYR Macedonia,Netherlands,0,3,0 - 3,2
1203,UEFA EURO,2021-06-21,Ukraine,Austria,0,1,0 - 1,2
1204,UEFA EURO,2021-06-21,Finland,Belgium,0,2,0 - 2,2
1205,UEFA EURO,2021-06-21,Russia,Denmark,1,4,1 - 4,2
1206,UEFA EURO,2021-06-22,Croatia,Scotland,3,1,3 - 1,1
1207,UEFA EURO,2021-06-22,Czech Republic,England,0,1,0 - 1,2
1208,UEFA EURO,2021-06-23,Slovakia,Spain,0,5,0 - 5,2
1209,UEFA EURO,2021-06-23,Sweden,Poland,3,2,3 - 2,1
1210,UEFA EURO,2021-06-23,Germany,Hungary,2,2,2 - 2,0
1211,UEFA EURO,2021-06-23,Portugal,France,2,2,2 - 2,0
1212,UEFA EURO,2021-06-26,Wales,Denmark,0,4,0 - 4,2
1213,UEFA EURO,2021-06-26,Italy,Austria,2,1,2 - 1,1
1214,UEFA EURO,2021-06-27,Netherlands,Czech Republic,0,2,0 - 2,2
1215,UEFA EURO,2021-06-27,Belgium,Portugal,1,0,1 - 0,1
1216,UEFA EURO,2021-06-28,Croatia,Spain,3,5,3 - 5,2
1217,UEFA EURO,2021-06-28,France,Switzerland,3,3,3 - 3,0
1218,UEFA EURO,2021-06-29,England,Germany,2,0,2 - 0,1
1219,UEFA EURO,2021-06-29,Sweden,Ukraine,1,2,1 - 2,2
1220,UEFA EURO,2021-07-02,Switzerland,Spain,1,1,1 - 1,0
1221,UEFA EURO,2021-07-02,Belgium,Italy,1,2,1 - 2,2
1222,UEFA EURO,2021-07-03,Czech Republic,Denmark,1,2,1 - 2,2
1223,UEFA EURO,2021-07-03,Ukraine,England,0,4,0 - 4,2
1224,UEFA EURO,2021-07-06,Italy,Spain,1,1,1 - 1,0
1225,UEFA EURO,2021-07-07,England,Denmark,2,1,2 - 1,1
1226,UEFA EURO,2021-07-11,Italy,England,1,1,1 - 1,0
1227,Copa America,2019-06-15,Brazil,Bolivia,3,0,3 - 0,1
1228,Copa America,2019-06-15,Venezuela,Peru,0,0,0 - 0,0
1229,Copa America,2019-06-15,Argentina,Colombia,0,2,0 - 2,2
1230,Copa America,2019-06-16,Paraguay,Qatar,2,2,2 - 2,0
1231,Copa America,2019-06-16,Uruguay,Ecuador,4,0,4 - 0,1
1232,Copa America,2019-06-17,Japan,Chile,0,4,0 - 4,2
1233,Copa America,2019-06-18,Bolivia,Peru,1,3,1 - 3,2
1234,Copa America,2019-06-19,Brazil,Venezuela,0,0,0 - 0,0
1235,Copa America,2019-06-19,Colombia,Qatar,1,0,1 - 0,1
1236,Copa America,2019-06-20,Argentina,Paraguay,1,1,1 - 1,0
1237,Copa America,2019-06-20,Uruguay,Japan,2,2,2 - 2,0
1238,Copa America,2019-06-21,Ecuador,Chile,1,2,1 - 2,2
1239,Copa America,2019-06-22,Bolivia,Venezuela,1,3,1 - 3,2
1240,Copa America,2019-06-22,Peru,Brazil,0,5,0 - 5,2
1241,Copa America,2019-06-23,Colombia,Paraguay,1,0,1 - 0,1
1242,Copa America,2019-06-23,Qatar,Argentina,0,2,0 - 2,2
1243,Copa America,2019-06-24,Chile,Uruguay,0,1,0 - 1,2
1244,Copa America,2019-06-24,Ecuador,Japan,1,1,1 - 1,0
1245,Copa America,2019-06-28,Brazil,Paraguay,0,0,0 - 0,0
1246,Copa America,2019-06-28,Venezuela,Argentina,0,2,0 - 2,2
1247,Copa America,2019-06-28,Colombia,Chile,0,0,0 - 0,0
1248,Copa America,2019-06-29,Uruguay,Peru,0,0,0 - 0,0
1249,Copa America,2019-07-03,Brazil,Argentina,2,0,2 - 0,1
1250,Copa America,2019-07-04,Chile,Peru,0,3,0 - 3,2
1251,Copa America,2019-07-06,Argentina,Chile,2,1,2 - 1,1
1252,Copa America,2019-07-07,Brazil,Peru,3,1,3 - 1,1
1253,Copa America,2021-06-13,Brazil,Venezuela,3,0,3 - 0,1
1254,Copa America,2021-06-13,Japan,Ecuador,1,0,1 - 0,1
1255,Copa America,2021-06-15,Paraguay,Bolivia,3,1,3 - 1,1
1256,Copa America,2021-06-17,Colombia,Venezuela,0,0,0 - 0,0
1257,Copa America,2021-06-17,Brazil,Peru,4,0,4 - 0,1
1258,Copa America,2021-06-18,Chile,Bolivia,1,0,1 - 0,1
1259,Copa America,2021-06-18,Argentina,Uruguay,1,0,1 - 0,1
1260,Copa America,2021-06-20,Venezuela,Ecuador,2,2,2 - 2,0
1261,Copa America,2021-06-20,Japan,Peru,1,2,1 - 2,2
1262,Copa America,2021-06-21,Uruguay,Chile,1,1,1 - 1,0
1263,Copa America,2021-06-21,Argentina,Paraguay,1,0,1 - 0,1
1264,Copa America,2021-06-23,Ecuador,Peru,2,2,2 - 2,0
1265,Copa America,2021-06-23,Brazil,Japan,2,1,2 - 1,1
1266,Copa America,2021-06-24,Bolivia,Uruguay,0,2,0 - 2,2
1267,Copa America,2021-06-24,Chile,Paraguay,0,2,0 - 2,2
1268,Copa America,2021-06-27,Brazil,Ecuador,1,1,1 - 1,0
1269,Copa America,2021-06-27,Venezuela,Peru,0,1,0 - 1,2
1270,Copa America,2021-06-28,Bolivia,Argentina,1,4,1 - 4,2
1271,Copa America,2021-06-28,Uruguay,Paraguay,1,0,1 - 0,1
1272,Copa America,2021-07-02,Peru,Paraguay,3,3,3 - 3,0
1273,Copa America,2021-07-02,Brazil,Chile,1,0,1 - 0,1
1274,Copa America,2021-07-03,Uruguay,Colombia,0,0,0 - 0,0
1275,Copa America,2021-07-04,Argentina,Ecuador,3,0,3 - 0,1
1276,Copa America,2021-07-05,Brazil,Peru,1,0,1 - 0,1
1277,Copa America,2021-07-07,Argentina,Japan,1,1,1 - 1,0
1278,Copa America,2021-07-09,Japan,Peru,3,2,3 - 2,1
1279,Copa America,2021-07-10,Argentina,Brazil,1,0,1 - 0,1
1280,Africa Cup of Nations,2017-01-14,Gabon,Guinea-Bissau,1,1,1 - 1,0
1281,Africa Cup of Nations,2017-01-14,Burkina Faso,Cameroon,1,1,1 - 1,0
1282,Africa Cup of Nations,2017-01-15,Algeria,Zimbabwe,2,2,2 - 2,0
1283,Africa Cup of Nations,2017-01-15,Tunisia,Senegal,0,2,0 - 2,2
1284,Africa Cup of Nations,2017-01-16,Ivory Coast,Togo,0,0,0 - 0,0
1285,Africa Cup of Nations,2017-01-16,DR Congo,Morocco,1,0,1 - 0,1
1286,Africa Cup of Nations,2017-01-17,Ghana,Uganda,1,0,1 - 0,1
1287,Africa Cup of Nations,2017-01-17,Mali,Egypt,0,0,0 - 0,0
1288,Africa Cup of Nations,2017-01-18,Gabon,Burkina Faso,1,1,1 - 1,0
1289,Africa Cup of Nations,2017-01-18,Cameroon,Guinea-Bissau,2,1,2 - 1,1
1290,Africa Cup of Nations,2017-01-19,Algeria,Tunisia,1,2,1 - 2,2
1291,Africa Cup of Nations,2017-01-19,Senegal,Zimbabwe,2,0,2 - 0,1
1292,Africa Cup of Nations,2017-01-20,Ivory Coast,DR Congo,2,2,2 - 2,0
1293,Africa Cup of Nations,2017-01-20,Morocco,Togo,3,1,3 - 1,1
1294,Africa Cup of Nations,2017-01-21,Ghana,Mali,1,0,1 - 0,1
1295,Africa Cup of Nations,2017-01-21,Egypt,Uganda,1,0,1 - 0,1
1296,Africa Cup of Nations,2017-01-22,Cameroon,Gabon,0,0,0 - 0,0
1297,Africa Cup of Nations,2017-01-22,Guinea-Bissau,Burkina Faso,0,2,0 - 2,2
1298,Africa Cup of Nations,2017-01-23,Senegal,Algeria,2,2,2 - 2,0
1299,Africa Cup of Nations,2017-01-23,Zimbabwe,Tunisia,2,4,2 - 4,2
1300,Africa Cup of Nations,2017-01-24,Morocco,Ivory Coast,1,0,1 - 0,1
1301,Africa Cup of Nations,2017-01-24,Togo,DR Congo,1,3,1 - 3,2
1302,Africa Cup of Nations,2017-01-29,Senegal,Cameroon,0,0,0 - 0,0
1303,Africa Cup of Nations,2017-02-02,Burkina Faso,Egypt,1,1,1 - 1,0
1304,Africa Cup of Nations,2018-03-25,Egypt,Cameroon,1,2,1 - 2,2
1305,Africa Cup of Nations,2018-03-25,Burkina Faso,Ghana,1,0,1 - 0,1
1306,Africa Cup of Nations,2018-03-25,Burkina Faso,Egypt *,1,1,1 - 1,0
1307,Africa Cup of Nations,2018-03-25,Cameroon,Ghana,2,0,2 - 0,1
1308,Africa Cup of Nations,2018-03-25,Burkina Faso,Tunisia,2,0,2 - 0,1
1309,Africa Cup of Nations,2018-03-25,Senegal,Cameroon *,0,0,0 - 0,0
1310,Africa Cup of Nations,2018-03-25,DR Congo,Ghana,1,2,1 - 2,2
1311,Africa Cup of Nations,2018-03-25,Cameroon,Guinea-Bissau,2,1,2 - 1,1
1312,Africa Cup of Nations,2018-03-25,Cameroon,Gabon,0,0,0 - 0,0
1313,Africa Cup of Nations,2018-03-25,Senegal,Zimbabwe,2,0,2 - 0,1
1314,Africa Cup of Nations,2018-03-25,Senegal,Algeria,2,2,2 - 2,0
1315,Africa Cup of Nations,2018-03-25,Morocco,Togo,3,1,3 - 1,1
1316,Africa Cup of Nations,2018-03-25,Morocco,Ivory Coast,1,0,1 - 0,1
1317,Africa Cup of Nations,2018-03-25,Egypt,Uganda,1,0,1 - 0,1
1318,Africa Cup of Nations,2018-03-25,Egypt,Ghana,1,0,1 - 0,1
1319,Africa Cup of Nations,2018-03-25,Cameroon,Morocco,1,0,1 - 0,1
1320,Africa Cup of Nations,2019-06-21,Egypt,Zimbabwe,1,0,1 - 0,1
1321,Africa Cup of Nations,2019-06-22,DR Congo,Uganda,0,2,0 - 2,2
1322,Africa Cup of Nations,2019-06-22,Nigeria,Burundi,1,0,1 - 0,1
1323,Africa Cup of Nations,2019-06-22,Guinea,Madagascar,2,2,2 - 2,0
1324,Africa Cup of Nations,2019-06-23,Morocco,Namibia,1,0,1 - 0,1
1325,Africa Cup of Nations,2019-06-23,Senegal,Tanzania,2,0,2 - 0,1
1326,Africa Cup of Nations,2019-06-23,Algeria,Kenya,2,0,2 - 0,1
1327,Africa Cup of Nations,2019-06-24,Ivory Coast,South Africa,1,0,1 - 0,1
1328,Africa Cup of Nations,2019-06-24,Tunisia,Angola,1,1,1 - 1,0
1329,Africa Cup of Nations,2019-06-24,Mali,Mauritania,4,1,4 - 1,1
1330,Africa Cup of Nations,2019-06-25,Cameroon,Guinea-Bissau,2,0,2 - 0,1
1331,Africa Cup of Nations,2019-06-25,Ghana,Benin,2,2,2 - 2,0
1332,Africa Cup of Nations,2019-06-26,Nigeria,Guinea,1,0,1 - 0,1
1333,Africa Cup of Nations,2019-06-26,Uganda,Zimbabwe,1,1,1 - 1,0
1334,Africa Cup of Nations,2019-06-26,Egypt,DR Congo,2,0,2 - 0,1
1335,Africa Cup of Nations,2019-06-27,Madagascar,Burundi,1,0,1 - 0,1
1336,Africa Cup of Nations,2019-06-27,Senegal,Algeria,0,1,0 - 1,2
1337,Africa Cup of Nations,2019-06-27,Kenya,Tanzania,3,2,3 - 2,1
1338,Africa Cup of Nations,2019-06-28,Tunisia,Mali,1,1,1 - 1,0
1339,Africa Cup of Nations,2019-06-28,Morocco,Ivory Coast,1,0,1 - 0,1
1340,Africa Cup of Nations,2019-06-28,South Africa,Namibia,1,0,1 - 0,1
1341,Africa Cup of Nations,2019-06-29,Mauritania,Angola,0,0,0 - 0,0
1342,Africa Cup of Nations,2019-06-29,Cameroon,Ghana,0,0,0 - 0,0
1343,Africa Cup of Nations,2019-06-29,Benin,Guinea-Bissau,0,0,0 - 0,0
1344,Africa Cup of Nations,2019-06-30,Burundi,Guinea,0,2,0 - 2,2
1345,Africa Cup of Nations,2019-06-30,Madagascar,Nigeria,2,0,2 - 0,1
1346,Africa Cup of Nations,2019-06-30,Uganda,Egypt,0,2,0 - 2,2
1347,Africa Cup of Nations,2019-06-30,Zimbabwe,DR Congo,0,4,0 - 4,2
1348,Africa Cup of Nations,2019-07-01,Namibia,Ivory Coast,1,4,1 - 4,2
1349,Africa Cup of Nations,2019-07-01,South Africa,Morocco,0,1,0 - 1,2
1350,Africa Cup of Nations,2019-07-01,Kenya,Senegal,0,3,0 - 3,2
1351,Africa Cup of Nations,2019-07-01,Tanzania,Algeria,0,3,0 - 3,2
1352,Africa Cup of Nations,2019-07-02,Benin,Cameroon,0,0,0 - 0,0
1353,Africa Cup of Nations,2019-07-02,Guinea-Bissau,Ghana,0,2,0 - 2,2
1354,Africa Cup of Nations,2019-07-02,Angola,Mali,0,1,0 - 1,2
1355,Africa Cup of Nations,2019-07-02,Mauritania,Tunisia,0,0,0 - 0,0
1356,Africa Cup of Nations,2019-07-05,Morocco,Benin,1,1,1 - 1,0
1357,Africa Cup of Nations,2019-07-05,Uganda,Senegal,0,1,0 - 1,2
1358,Africa Cup of Nations,2019-07-06,Nigeria,Cameroon,3,2,3 - 2,1
1359,Africa Cup of Nations,2019-07-06,Egypt,South Africa,0,1,0 - 1,2
1360,Africa Cup of Nations,2019-07-07,Madagascar,DR Congo,2,2,2 - 2,0
1361,Africa Cup of Nations,2019-07-07,Algeria,Guinea,3,0,3 - 0,1
1362,Africa Cup of Nations,2019-07-08,Mali,Ivory Coast,0,1,0 - 1,2
1363,Africa Cup of Nations,2019-07-08,Ghana,Tunisia,1,1,1 - 1,0
1364,Africa Cup of Nations,2019-07-10,Senegal,Benin,1,0,1 - 0,1
1365,Africa Cup of Nations,2019-07-10,Nigeria,South Africa,2,1,2 - 1,1
1366,Africa Cup of Nations,2019-07-11,Ivory Coast,Algeria,1,1,1 - 1,0
1367,Africa Cup of Nations,2019-07-11,Madagascar,Tunisia,0,3,0 - 3,2
1368,Africa Cup of Nations,2019-07-14,Senegal,Tunisia,1,0,1 - 0,1
1369,Africa Cup of Nations,2019-07-14,Algeria,Nigeria,2,1,2 - 1,1
1370,Africa Cup of Nations,2019-07-17,Tunisia,Nigeria,0,1,0 - 1,2
1371,Africa Cup of Nations,2019-07-19,Senegal,Algeria,0,1,0 - 1,2
1372,Africa Cup of Nations,2022-01-09,Cameroon,Burkina Faso,2,1,2 - 1,1
1373,Africa Cup of Nations,2022-01-09,Ethiopia,Cape Verde,0,1,0 - 1,2
1374,Africa Cup of Nations,2022-01-10,Senegal,Zimbabwe,1,0,1 - 0,1
1375,Africa Cup of Nations,2022-01-10,Guinea,Malawi,1,0,1 - 0,1
1376,Africa Cup of Nations,2022-01-10,Comoros,Gabon,0,1,0 - 1,2
1377,Africa Cup of Nations,2022-01-11,Algeria,Sierra Leone,0,0,0 - 0,0
1378,Africa Cup of Nations,2022-01-11,Nigeria,Egypt,1,0,1 - 0,1
1379,Africa Cup of Nations,2022-01-11,Sudan,Guinea-Bissau,0,0,0 - 0,0
1380,Africa Cup of Nations,2022-01-12,Tunisia,Mali,0,1,0 - 1,2
1381,Africa Cup of Nations,2022-01-12,Mauritania,Gambia,0,1,0 - 1,2
1382,Africa Cup of Nations,2022-01-12,Equatorial Guinea,Ivory Coast,0,1,0 - 1,2
1383,Africa Cup of Nations,2022-01-13,Cameroon,Ethiopia,4,1,4 - 1,1
1384,Africa Cup of Nations,2022-01-13,Cape Verde,Burkina Faso,0,1,0 - 1,2
1385,Africa Cup of Nations,2022-01-14,Senegal,Guinea,0,0,0 - 0,0
1386,Africa Cup of Nations,2022-01-14,Malawi,Zimbabwe,2,1,2 - 1,1
1387,Africa Cup of Nations,2022-01-14,Morroco,Comoros,2,0,2 - 0,1
1388,Africa Cup of Nations,2022-01-14,Gabon,Ghana,1,1,1 - 1,0
1389,Africa Cup of Nations,2022-01-15,Nigeria,Sudan,3,1,3 - 1,1
1390,Africa Cup of Nations,2022-01-15,Guinea-Bissau,Egypt,0,1,0 - 1,2
1391,Africa Cup of Nations,2022-01-16,Gambia,Mali,1,1,1 - 1,0
1392,Africa Cup of Nations,2022-01-16,Ivory Coast,Sierra Leone,2,2,2 - 2,0
1393,Africa Cup of Nations,2022-01-16,Tunisia,Mauritania,4,0,4 - 0,1
1394,Africa Cup of Nations,2022-01-16,Algeria,Equatorial Guinea,0,1,0 - 1,2
1395,Africa Cup of Nations,2022-01-17,Burkina Faso,Ethiopia,1,1,1 - 1,0
1396,Africa Cup of Nations,2022-01-17,Cape Verde,Cameroon,1,1,1 - 1,0
1397,Africa Cup of Nations,2022-01-18,Malawi,Senegal,0,0,0 - 0,0
1398,Africa Cup of Nations,2022-01-18,Zimbabwe,Guinea,2,1,2 - 1,1
1399,Africa Cup of Nations,2022-01-18,Gabon,Morroco,2,2,2 - 2,0
1400,Africa Cup of Nations,2022-01-18,Ghana,Comoros,2,3,2 - 3,2
1401,Africa Cup of Nations,2022-01-19,Egypt,Sudan,1,0,1 - 0,1
1402,Africa Cup of Nations,2022-01-19,Guinea-Bissau,Nigeria,0,2,0 - 2,2
1403,Africa Cup of Nations,2022-01-20,Ivory Coast,Algeria,3,1,3 - 1,1
1404,Africa Cup of Nations,2022-01-20,Gambia,Tunisia,1,0,1 - 0,1
1405,Africa Cup of Nations,2022-01-20,Mali,Mauritania,2,0,2 - 0,1
1406,Africa Cup of Nations,2022-01-20,Sierra Leone,Equatorial Guinea,0,1,0 - 1,2
1407,Africa Cup of Nations,2022-01-23,Burkina Faso,Gabon,1,1,1 - 1,0
1408,Africa Cup of Nations,2022-01-23,Nigeria,Tunisia,0,1,0 - 1,2
1409,Africa Cup of Nations,2022-01-24,Guinea,Gambia,0,1,0 - 1,2
1410,Africa Cup of Nations,2022-01-24,Cameroon,Comoros,2,1,2 - 1,1
1411,Africa Cup of Nations,2022-01-25,Senegal,Cape Verde,2,0,2 - 0,1
1412,Africa Cup of Nations,2022-01-25,Morroco,Malawi,2,1,2 - 1,1
1413,Africa Cup of Nations,2022-01-26,Ivory Coast,Egypt,0,0,0 - 0,0
1414,Africa Cup of Nations,2022-01-26,Mali,Equatorial Guinea,0,0,0 - 0,0
1415,Africa Cup of Nations,2022-01-29,Gambia,Cameroon,0,2,0 - 2,2
1416,Africa Cup of Nations,2022-01-29,Burkina Faso,Tunisia,1,0,1 - 0,1
1417,Africa Cup of Nations,2022-01-30,Egypt,Morroco,2,1,2 - 1,1
1418,Africa Cup of Nations,2022-01-30,Senegal,Equatorial Guinea,3,1,3 - 1,1
1419,Africa Cup of Nations,2022-02-02,Burkina Faso,Senegal,1,3,1 - 3,2
1420,Africa Cup of Nations,2022-02-03,Cameroon,Egypt,0,0,0 - 0,0
1422,Africa Cup of Nations,2022-02-06,Senegal,Egypt,0,0,0 - 0,0
1423,Africa Cup of Nations,2022-03-23,Seychelles,Lesotho,0,0,0 - 0,0
1424,Africa Cup of Nations,2022-03-23,Djibouti,South Sudan,2,4,2 - 4,2
1425,Africa Cup of Nations,2022-03-23,Chad,Gambia,0,1,0 - 1,2
1426,Africa Cup of Nations,2022-03-27,South Sudan,Djibouti,1,0,1 - 0,1
1427,Africa Cup of Nations,2022-03-27,Lesotho,Seychelles,3,1,3 - 1,1
1428,Asian Cup,2019-01-05,U.A.E.,Bahrain,1,1,1 - 1,0
1429,Asian Cup,2019-01-06,Australia,Jordan,0,1,0 - 1,2
1430,Asian Cup,2019-01-06,Thailand,India,1,4,1 - 4,2
1431,Asian Cup,2019-01-06,Syria,Palestine,0,0,0 - 0,0
1432,Asian Cup,2019-01-07,China,Kyrgyzstan,2,1,2 - 1,1
1433,Asian Cup,2019-01-07,South Korea,Philippines,1,0,1 - 0,1
1434,Asian Cup,2019-01-07,Iran,Yemen,5,0,5 - 0,1
1435,Asian Cup,2019-01-08,Iraq,Vietnam,3,2,3 - 2,1
1436,Asian Cup,2019-01-08,Saudi Arabia,North Korea,4,0,4 - 0,1
1437,Asian Cup,2019-01-09,Japan,Turkmenistan,3,2,3 - 2,1
1438,Asian Cup,2019-01-09,Uzbekistan,Oman,2,1,2 - 1,1
1439,Asian Cup,2019-01-09,Qatar,Lebanon,2,0,2 - 0,1
1440,Asian Cup,2019-01-10,Bahrain,Thailand,0,1,0 - 1,2
1441,Asian Cup,2019-01-10,Jordan,Syria,2,0,2 - 0,1
1442,Asian Cup,2019-01-10,India,U.A.E.,0,2,0 - 2,2
1443,Asian Cup,2019-01-11,Palestine,Australia,0,3,0 - 3,2
1444,Asian Cup,2019-01-11,Philippines,China,0,3,0 - 3,2
1445,Asian Cup,2019-01-11,Kyrgyzstan,South Korea,0,1,0 - 1,2
1446,Asian Cup,2019-01-12,Vietnam,Iran,0,2,0 - 2,2
1447,Asian Cup,2019-01-12,Yemen,Iraq,0,3,0 - 3,2
1448,Asian Cup,2019-01-12,Lebanon,Saudi Arabia,0,2,0 - 2,2
1449,Asian Cup,2019-01-13,North Korea,Qatar,0,6,0 - 6,2
1450,Asian Cup,2019-01-13,Oman,Japan,0,1,0 - 1,2
1451,Asian Cup,2019-01-13,Turkmenistan,Uzbekistan,0,4,0 - 4,2
1452,Asian Cup,2019-01-14,India,Bahrain,0,1,0 - 1,2
1453,Asian Cup,2019-01-14,U.A.E.,Thailand,1,1,1 - 1,0
1454,Asian Cup,2019-01-15,Australia,Syria,3,2,3 - 2,1
1455,Asian Cup,2019-01-15,Palestine,Jordan,0,0,0 - 0,0
1456,Asian Cup,2019-01-16,Kyrgyzstan,Philippines,3,1,3 - 1,1
1457,Asian Cup,2019-01-16,South Korea,China,2,0,2 - 0,1
1458,Asian Cup,2019-01-16,Iran,Iraq,0,0,0 - 0,0
1459,Asian Cup,2019-01-16,Vietnam,Yemen,2,0,2 - 0,1
1460,Asian Cup,2019-01-17,Japan,Uzbekistan,2,1,2 - 1,1
1461,Asian Cup,2019-01-17,Oman,Turkmenistan,3,1,3 - 1,1
1462,Asian Cup,2019-01-17,Lebanon,North Korea,4,1,4 - 1,1
1463,Asian Cup,2019-01-17,Saudi Arabia,Qatar,0,2,0 - 2,2
1464,Asian Cup,2019-01-20,Jordan,Vietnam,1,1,1 - 1,0
1465,Asian Cup,2019-01-20,Thailand,China,1,2,1 - 2,2
1466,Asian Cup,2019-01-20,Iran,Oman,2,0,2 - 0,1
1467,Asian Cup,2019-01-21,Japan,Saudi Arabia,1,0,1 - 0,1
1468,Asian Cup,2019-01-21,Australia,Uzbekistan,0,0,0 - 0,0
1469,Asian Cup,2019-01-21,U.A.E.,Kyrgyzstan,3,2,3 - 2,1
1470,Asian Cup,2019-01-22,South Korea,Bahrain,2,1,2 - 1,1
1471,Asian Cup,2019-01-22,Qatar,Iraq,1,0,1 - 0,1
1472,Asian Cup,2019-01-24,Vietnam,Japan,0,1,0 - 1,2
1473,Asian Cup,2019-01-24,China,Iran,0,3,0 - 3,2
1474,Asian Cup,2019-01-25,South Korea,Qatar,0,1,0 - 1,2
1475,Asian Cup,2019-01-25,U.A.E.,Australia,1,0,1 - 0,1
1476,Asian Cup,2019-01-28,Iran,Japan,0,3,0 - 3,2
1477,Asian Cup,2019-01-29,Qatar,U.A.E.,4,0,4 - 0,1
1478,Asian Cup,2019-02-01,Japan,Qatar,1,3,1 - 3,2
1479,Gold Cup,2017-07-10,Mexico,El Salvador,3,1,3 - 1,1
1480,Gold Cup,2017-07-12,Costa Rica,Canada,1,1,1 - 1,0
1481,Gold Cup,2017-07-12,Honduras,French Guiana,0,0,0 - 0,0
1482,Gold Cup,2017-07-13,Panama,Nicaragua,2,1,2 - 1,1
1483,Gold Cup,2017-07-13,USA,Martinique,3,2,3 - 2,1
1484,Gold Cup,2017-07-14,El Salvador,Curacao,2,0,2 - 0,1
1485,Gold Cup,2017-07-14,Mexico,Jamaica,0,0,0 - 0,0
1486,Gold Cup,2017-07-15,Costa Rica,French Guiana,3,0,3 - 0,1
1487,Gold Cup,2017-07-15,Canada,Honduras,0,0,0 - 0,0
1488,Gold Cup,2017-07-15,Panama,Martinique,3,0,3 - 0,1
1489,Gold Cup,2017-07-16,Nicaragua,USA,0,3,0 - 3,2
1490,Gold Cup,2017-07-17,Jamaica,El Salvador,1,1,1 - 1,0
1491,Gold Cup,2017-07-17,Curacao,Mexico,0,2,0 - 2,2
1492,Gold Cup,2018-03-25,Costa Rica,Panama,1,0,1 - 0,1
1493,Gold Cup,2018-03-25,USA,El Salvador,2,0,2 - 0,1
1494,Gold Cup,2018-03-25,Jamaica,Canada,2,1,2 - 1,1
1495,Gold Cup,2018-03-25,Mexico,Honduras,1,0,1 - 0,1
1496,Gold Cup,2018-03-25,Costa Rica,USA,0,2,0 - 2,2
1497,Gold Cup,2018-03-25,Mexico,Jamaica,0,1,0 - 1,2
1498,Gold Cup,2018-03-25,USA,Jamaica,2,1,2 - 1,1
1499,Gold Cup,2018-03-25,French Guiana,Canada,2,4,2 - 4,2
1500,Gold Cup,2018-03-25,Costa Rica,Canada,1,1,1 - 1,0
1501,Gold Cup,2018-03-25,Costa Rica,French Guiana,3,0,3 - 0,1
1502,Gold Cup,2018-03-25,Canada,Honduras,0,0,0 - 0,0
1503,Gold Cup,2018-03-25,USA,Panama,1,1,1 - 1,0
1504,Gold Cup,2018-03-25,Martinique,Nicaragua,2,0,2 - 0,1
1505,Gold Cup,2018-03-25,Panama,Nicaragua,2,1,2 - 1,1
1506,Gold Cup,2018-03-25,USA,Martinique,3,2,3 - 2,1
1507,Gold Cup,2018-03-25,Panama,Martinique,3,0,3 - 0,1
1508,Gold Cup,2018-03-25,Club Sport Herediano,Tigres,2,2,2 - 2,0
1509,Gold Cup,2018-03-25,Deportivo Saprissa,CF America,1,5,1 - 5,2
1510,Gold Cup,2018-03-25,Tauro FC,FC Dallas,1,0,1 - 0,1
1511,Gold Cup,2018-03-25,CD Motagua,Tijuana,0,1,0 - 1,2
1512,Gold Cup,2018-03-25,Cibao,CD Guadalajara,0,2,0 - 2,2
1513,Gold Cup,2018-03-25,CD Olimpia,New York Red Bulls,1,1,1 - 1,0
1514,Gold Cup,2018-03-25,Santa Tecla FC,Seattle Sounders FC,2,1,2 - 1,1
1515,Gold Cup,2018-03-25,Tigres,Club Sport Herediano,3,1,3 - 1,1
1516,Gold Cup,2018-03-25,Toronto FC,Colorado Rapids,0,0,0 - 0,0
1517,Gold Cup,2018-03-25,Tijuana,CD Motagua,1,1,1 - 1,0
1518,Gold Cup,2018-03-25,CD Guadalajara,Cibao,5,0,5 - 0,1
1519,Gold Cup,2018-03-25,FC Dallas,Tauro FC,3,2,3 - 2,1
1520,Gold Cup,2018-03-25,CF America,Deportivo Saprissa,1,1,1 - 1,0
1521,Gold Cup,2018-03-25,New York Red Bulls,CD Olimpia,2,0,2 - 0,1
1522,Gold Cup,2018-03-25,Seattle Sounders FC,Santa Tecla FC,4,0,4 - 0,1
1523,Gold Cup,2018-03-25,CF America,Tauro FC,4,0,4 - 0,1
1524,Gold Cup,2018-03-25,Toronto FC,Tigres,2,1,2 - 1,1
1525,Gold Cup,2018-03-25,Seattle Sounders FC,CD Guadalajara,1,0,1 - 0,1
1526,Gold Cup,2018-03-25,New York Red Bulls,Tijuana,3,1,3 - 1,1
1527,Gold Cup,2018-03-25,Tauro FC,CF America,1,3,1 - 3,2
1528,Gold Cup,2018-03-25,CD Guadalajara,Seattle Sounders FC,3,0,3 - 0,1
1529,Gold Cup,2019-06-15,Canada,Martinique,4,0,4 - 0,1
1530,Gold Cup,2019-06-16,Mexico,Cuba,7,0,7 - 0,1
1531,Gold Cup,2019-06-16,Haiti,Bermuda,2,1,2 - 1,1
1532,Gold Cup,2019-06-16,Costa Rica,Nicaragua,4,0,4 - 0,1
1533,Gold Cup,2019-06-17,Curacao,El Salvador,0,1,0 - 1,2
1534,Gold Cup,2019-06-18,Jamaica,Honduras,3,2,3 - 2,1
1535,Gold Cup,2019-06-18,Panama,Trinidad Tobago,2,0,2 - 0,1
1536,Gold Cup,2019-06-19,USA,Guyana,4,0,4 - 0,1
1537,Gold Cup,2019-06-19,Cuba,Martinique,0,3,0 - 3,2
1538,Gold Cup,2019-06-20,Mexico,Canada,3,1,3 - 1,1
1539,Gold Cup,2019-06-20,Nicaragua,Haiti,0,2,0 - 2,2
1540,Gold Cup,2019-06-21,Costa Rica,Bermuda,2,1,2 - 1,1
1541,Gold Cup,2019-06-21,El Salvador,Jamaica,0,0,0 - 0,0
1542,Gold Cup,2019-06-22,Honduras,Curacao,0,1,0 - 1,2
1543,Gold Cup,2019-06-22,Guyana,Panama,2,4,2 - 4,2
1544,Gold Cup,2019-06-22,USA,Trinidad Tobago,6,0,6 - 0,1
1545,Gold Cup,2019-06-23,Canada,Cuba,7,0,7 - 0,1
1546,Gold Cup,2019-06-24,Martinique,Mexico,2,3,2 - 3,2
1547,Gold Cup,2019-06-24,Bermuda,Nicaragua,2,0,2 - 0,1
1548,Gold Cup,2019-06-25,Haiti,Costa Rica,2,1,2 - 1,1
1549,Gold Cup,2019-06-25,Jamaica,Curacao,1,1,1 - 1,0
1550,Gold Cup,2019-06-26,Honduras,El Salvador,4,0,4 - 0,1
1551,Gold Cup,2019-06-26,Trinidad Tobago,Guyana,1,1,1 - 1,0
1552,Gold Cup,2019-06-27,Panama,USA,0,1,0 - 1,2
1553,Gold Cup,2019-06-29,Haiti,Canada,3,2,3 - 2,1
1554,Gold Cup,2019-06-30,Mexico,Costa Rica,1,1,1 - 1,0
1555,Gold Cup,2019-06-30,Jamaica,Panama,1,0,1 - 0,1
1556,Gold Cup,2019-06-30,USA,Curacao,1,0,1 - 0,1
1557,Gold Cup,2019-07-03,Haiti,Mexico,0,1,0 - 1,2
1558,Gold Cup,2019-07-04,Jamaica,USA,1,3,1 - 3,2
1559,Gold Cup,2019-07-08,Mexico,USA,1,0,1 - 0,1
1560,Gold Cup,2021-07-02,Haiti,Saint Vincent and The Grenadines,6,1,6 - 1,1
1561,Gold Cup,2021-07-03,Trinidad and Tobago,Montserrat,6,1,6 - 1,1
1562,Gold Cup,2021-07-03,Guadeloupe,Bahamas,2,0,2 - 0,1
1563,Gold Cup,2021-07-04,Guatemala,Guyana,4,0,4 - 0,1
1564,Gold Cup,2021-07-06,Haiti,Bermuda,4,1,4 - 1,1
1565,Gold Cup,2021-07-07,Guatemala,Guadeloupe,1,1,1 - 1,0
1566,Gold Cup,2021-07-11,Mexico,Trinidad and Tobago,0,0,0 - 0,0
1567,Gold Cup,2021-07-11,Canada,Martinique,4,1,4 - 1,1
1568,Gold Cup,2021-07-12,USA,Haiti,1,0,1 - 0,1
1569,Gold Cup,2021-07-12,El Salvador,Guatemala,2,0,2 - 0,1
1570,Gold Cup,2021-07-12,Jamaica,Suriname,2,0,2 - 0,1
1571,Gold Cup,2021-07-13,Costa Rica,Guadeloupe,3,1,3 - 1,1
1572,Gold Cup,2021-07-13,Qatar,Panama,3,3,3 - 3,0
1573,Gold Cup,2021-07-14,Honduras,Grenada,4,0,4 - 0,1
1574,Gold Cup,2021-07-14,Trinidad and Tobago,El Salvador,0,2,0 - 2,2
1575,Gold Cup,2021-07-15,Guatemala,Mexico,0,3,0 - 3,2
1576,Gold Cup,2021-07-15,Haiti,Canada,1,4,1 - 4,2
1577,Gold Cup,2021-07-16,Martinique,USA,1,6,1 - 6,2
1578,Gold Cup,2021-07-16,Guadeloupe,Jamaica,1,2,1 - 2,2
1579,Gold Cup,2021-07-17,Suriname,Costa Rica,1,2,1 - 2,2
1580,Gold Cup,2021-07-17,Grenada,Qatar,0,4,0 - 4,2
1581,Gold Cup,2021-07-18,Panama,Honduras,2,3,2 - 3,2
1582,Gold Cup,2021-07-18,Martinique,Haiti,1,2,1 - 2,2
1583,Gold Cup,2021-07-18,USA,Canada,1,0,1 - 0,1
1584,Gold Cup,2021-07-19,Guatemala,Trinidad and Tobago,1,1,1 - 1,0
1585,Gold Cup,2021-07-19,Mexico,El Salvador,1,0,1 - 0,1
1586,Gold Cup,2021-07-20,Suriname,Guadeloupe,2,1,2 - 1,1
1587,Gold Cup,2021-07-20,Costa Rica,Jamaica,1,0,1 - 0,1
1588,Gold Cup,2021-07-21,Honduras,Qatar,0,2,0 - 2,2
1589,Gold Cup,2021-07-21,Panama,Grenada,3,1,3 - 1,1
1590,Gold Cup,2021-07-24,Qatar,El Salvador,3,2,3 - 2,1
1591,Gold Cup,2021-07-25,Mexico,Honduras,3,0,3 - 0,1
1592,Gold Cup,2021-07-25,Costa Rica,Canada,0,2,0 - 2,2
1593,Gold Cup,2021-07-26,USA,Jamaica,1,0,1 - 0,1
1594,Gold Cup,2021-07-29,Qatar,USA,0,1,0 - 1,2
1595,Gold Cup,2021-07-30,Mexico,Canada,2,1,2 - 1,1
1596,Gold Cup,2021-08-02,USA,Mexico,1,0,1 - 0,1
